pagina_printed,pagina_pdf
7,9
8,10
11,13
12,14
13,17
14,18
15,19
16,20
17,21
18,22
19,23
20,24
21,25
22,26
23,27
24,28
25,29
26,30
27,31
28,32
29,35
30,36
33,39
34,40
35,41
36,42
37,43
38,44
39,45
40,46
41,47
42,48
43,49
44,50
45,53
46,54
47,55
48,56
49,57
50,58
51,59
52,60
53,61
54,62
55,63
56,64
57,65
58,66
59,67
60,68
61,69
62,70
63,71
64,72
65,75
66,76
67,77
68,78
69,79
70,80
71,81
72,82
73,83
74,84
75,85
76,86
77,89
78,90
79,91
80,92
81,95
82,96
83,97
87,101
88,102
89,105
90,106
91,107
92,108
93,111
94,112
95,113
96,114
97,115
98,116
99,117
100,118
101,119
102,120
103,121
104,122
105,125
106,126
107,127
108,128
109,129
110,130
111,131
112,132
113,135
114,136
115,137
116,138
117,139
118,140
119,141
120,142
121,143
122,144
123,145
124,146
125,147
126,148
127,149
128,150
129,151
130,152
131,153
132,154
133,155
137,161
138,162
139,163
140,164
141,165
142,166
143,167
144,168
145,169
146,170
147,171
148,172
149,175
150,176
151,177
152,178
153,179
154,180
155,181
156,182
157,183
158,184
159,185
160,186
161,187
162,188
163,189
164,190
165,191
166,192
167,193
168,194
169,195
170,196
171,197
172,198
173,199
174,200
175,201
176,202
177,203
178,204
179,205
180,206
181,207
182,208
183,209
187,215
188,216
189,219
190,220
191,221
192,222
193,225
194,226
195,227
196,228
197,231
198,232
199,233
200,234
201,237
202,238
203,239
204,240
205,243
206,244
207,245
208,246
209,247
210,248
211,249
212,250
213,253
214,254
215,255
216,256
217,259
218,260
219,261
220,262
221,263
222,264
223,265
224,266
225,267
226,268
227,269
228,270
229,273
230,274
231,275
232,276
233,277
234,278
235,279
236,280
237,281
238,282
239,283
240,284
241,287
242,288
243,289
244,290
247,293
248,294
249,295
250,296
251,297
252,298
253,299
254,300
255,301
256,302
257,303
258,304
259,305
260,306
261,307
262,308
265,311
266,312
267,313
268,314
269,315
270,316
271,317
272,318
273,319
274,320
275,321
276,322
277,325
278,326
279,327
280,328
281,331
282,332
283,333
284,334
285,335
286,336
287,337
288,338
289,339
290,340
291,341
292,342
293,343
294,344
295,345
296,346
297,347
298,348
299,349
300,350
301,351
302,352
303,353
304,354
305,355
306,356
307,357
308,358
309,359
310,360
311,361
312,362
313,363
314,364
315,365
316,366
317,369
318,370
319,371
320,372
321,373
322,374
323,375
324,376
325,377
326,378
327,379
328,380
329,381
330,382
331,383
332,384
333,385
334,386
335,387
336,388
337,389
338,390
339,391
340,392
341,393
342,394
343,395
344,396
345,399
346,400
347,401
348,402
349,405
350,406
351,407
352,408
353,411
354,412
355,413
356,414
357,415
358,416
359,417
360,418
361,419
362,420
363,421
364,422
365,423
366,424
367,425
368,426
369,427
370,428
371,429
372,430
373,433
374,434
375,435
376,436
377,437
378,438
379,439
380,440
381,441
382,442
383,443
384,444
385,445
386,446
387,447
388,448
389,449
390,450
391,451
392,452
393,453
394,454
395,455
396,456
397,457
398,458
399,459
400,460
401,461
402,462
403,463
404,464
405,465
406,466
407,467
408,468
409,471
410,472
411,473
412,474
413,475
414,476
417,479
418,480
419,481
420,482
421,483
422,484
423,485
424,486
425,487
426,488
427,489
428,490
429,491
430,492
431,493
432,494
433,495
434,496
435,497
436,498
437,499
438,500
439,501
440,502
441,503
442,504
443,505
444,506
445,507
446,508
447,509
448,510
449,511
450,512
451,513
452,514
453,515
454,516
455,517
456,518
457,519
458,520
459,521
460,522
461,523
462,524
463,525
464,526
465,527
466,528
467,529
468,530
469,531
470,532
471,533
472,534
473,535
474,536
475,537
476,538
477,539
478,540
479,541
480,542
481,543
482,544
483,545
484,546
485,547
486,548
487,549
491,553
492,554
493,555
494,556
