id_canti,mean_text_similarity,max_text_similarity,max_deviation
1709,0.24692001998875615,0.48707063411141677,0.24015061412266062
2737,0.22205753742836956,0.3461395546423972,0.12408201721402765
2087,0.22198413072131784,0.34393533313692437,0.12195120241560653
242,0.21105488344219878,0.5570218059609883,0.34596692251878947
1879,0.2094576969932753,0.3226250897914963,0.113167392798221
76,0.20370192347600002,0.3935757185491704,0.18987379507317037
282,0.20336307279074017,0.37423492126534547,0.1708718484746053
2722,0.20256576507529697,0.4076252083567293,0.2050594432814323
2303,0.20233923644206675,0.30688465234407847,0.10454541590201172
2176,0.19749749388256216,0.31105689957881405,0.11355940569625189
3064,0.1964141817499983,0.31183326016711355,0.11541907841711524
2248,0.19630285481453252,0.31437895580500796,0.11807610099047544
205,0.19578373115033837,0.31372549942336164,0.11794176827302327
2980,0.19577492034323957,0.33584329696889087,0.1400683766256513
2799,0.19378616740838436,0.30805753351481246,0.1142713661064281
179,0.19286062853823724,0.28166485635618416,0.08880422781794692
1713,0.19233658466151968,0.27609971942099953,0.08376313475947986
2921,0.19142323300704644,0.28203143426026567,0.09060820125321922
2647,0.19005893113231362,0.28908306920350835,0.09902413807119473
2429,0.18978459003572573,0.3582041094698006,0.16841951943407485
2892,0.18970274739842605,0.30031442238135897,0.11061167498293292
1759,0.18965286703930073,0.27820658564806,0.08855371860875927
196,0.189624745097594,0.3252759192793254,0.13565117418173142
2394,0.1881121936717404,0.2829617020322323,0.09484950836049191
225,0.1880541640811189,0.2965074543359777,0.10845329025485878
2628,0.1871324921321194,0.29001128031895074,0.10287878818683133
321,0.18699806815513767,0.3100216920661306,0.12302362391099295
2454,0.18695498611439706,0.29778395857831325,0.11082897246391618
428,0.18581030488806943,0.2840164764902541,0.09820617160218464
2354,0.18561036522614613,0.3881473897123475,0.2025370244862014
213,0.1847959119698898,0.28067792908584444,0.09588201711595465
1728,0.18464924387083134,0.2726260082902527,0.08797676441942134
1871,0.1843830042263323,0.2549875213680723,0.07060451714173999
446,0.184379771333636,0.2982489330923522,0.11386916175871617
1675,0.184379771333636,0.2982489330923522,0.11386916175871617
223,0.1841971304953369,0.2658733807781011,0.08167625028276418
2301,0.18353215515237803,0.2561448725331281,0.07261271738075009
1627,0.1831536850580411,0.28942403731417604,0.10627035225613493
2616,0.18269046959541266,0.2655301874663336,0.08283971787092095
2738,0.18190770551886679,0.41450591948549576,0.23259821396662897
2155,0.18149155229875694,0.39670517019459506,0.21521361789583812
1458,0.18100106592572915,0.2693665260389158,0.08836546011318666
2547,0.18071704979308625,0.2656360912734203,0.08491904148033405
447,0.18023786005570835,0.24318275804435738,0.06294489798864902
2081,0.17974072540035643,0.31386546717120023,0.1341247417708438
1777,0.1794941919235379,0.2874953178327364,0.1080011259091985
195,0.17925034582938387,0.2658094367006699,0.08655909087128605
2728,0.17851507705264302,0.2695345682679755,0.09101949121533248
1674,0.17844981994799752,0.26664531905452343,0.08819549910652591
55,0.17837270246483009,0.2523370364283822,0.07396433396355209
307,0.17720046983737625,0.3257504402710356,0.14854997043365936
2015,0.17648694332292153,0.26178764225083956,0.08530069892791803
305,0.17640962506743613,0.35489646959847737,0.17848684453104124
169,0.17638456877418734,0.2555447078010832,0.07916013902689584
78,0.17506616412433088,0.2520920626722142,0.0770258985478833
2756,0.17505087979384312,0.26499980107292403,0.08994892127908091
2930,0.17400670943977897,0.2622230596050642,0.08821635016528523
2540,0.17394436413286443,0.2800342234501613,0.10608985931729689
2846,0.17354629078403377,0.2708596134451538,0.09731332266112003
2270,0.1734019194049558,0.2641204864941922,0.09071856708923637
2918,0.17313744416005475,0.45348652004091244,0.28034907588085767
129,0.1722638779572162,0.2986881119981039,0.1264242340408877
1477,0.17217063081019973,0.38965985317625795,0.21748922236605822
208,0.17203461783936683,0.27026211092738284,0.09822749308801601
1918,0.17178560487047576,0.3565498244807061,0.18476421961023035
73,0.1709649199041333,0.24179687423985707,0.07083195433572378
1575,0.17079675713097028,0.43933712064583796,0.26854036351486765
1050,0.1704641410979498,0.254941134219135,0.0844769931211852
1584,0.17043771751512848,0.2599195764489708,0.0894818589338423
160,0.17037328102719662,0.3140560180141215,0.14368273698692485
452,0.17006914543294954,0.24501750505512465,0.07494835962217511
2003,0.1697169597429188,0.36199761939802294,0.19228065965510413
2723,0.1695414436420248,0.3506497837196165,0.18110834007759172
505,0.16953210119957746,0.43345461779424044,0.263922516594663
2320,0.16945616052010684,0.3800217818466219,0.21056562132651505
7,0.16911308387730495,0.2646623537149999,0.09554926983769496
2340,0.1690807907067677,0.2707962349481319,0.10171544424136417
266,0.16893221813527132,0.4085042754095681,0.23957205727429676
2416,0.16888667007700536,0.2852623341549096,0.11637566407790423
3084,0.16855984569911361,0.247368474807772,0.07880862910865838
221,0.16813072164030476,0.24244720701699887,0.07431648537669411
2269,0.16796476146523062,0.2616363640720139,0.09367160260678328
2327,0.16790574475284464,0.37942285090399347,0.21151710615114883
2305,0.16751651677334586,0.2459427004932634,0.07842618371991752
163,0.16715585234186628,0.25755015798993874,0.09039430564807246
231,0.16610837610282594,0.24797508393188597,0.08186670782906003
2645,0.1659074789061725,0.27829194050012585,0.11238446159395335
1926,0.16569998743416456,0.23074566813988986,0.0650456807057253
1698,0.16567059544837365,0.25361232632534203,0.08794173087696838
236,0.1653496840241014,0.26212016335249855,0.09677047932839714
184,0.16505772117817022,0.29737382112884236,0.13231609995067214
2133,0.16467114796626486,0.2557591335829609,0.09108798561669601
2004,0.1646318068877002,0.2619618573091952,0.09733005042149498
2818,0.16450652341507654,0.2944426702442355,0.12993614682915894
239,0.16448526642982517,0.2452138914778897,0.08072862504806452
1953,0.16434214860066038,0.23649684884656452,0.07215470024590415
3031,0.16424734639310434,0.29024679294568867,0.12599944655258433
2726,0.16420827838521151,0.3310890548705443,0.16688077648533278
117,0.16398558040542374,0.2449030454124054,0.08091746500698166
258,0.16397367588896733,0.23500022986734326,0.07102655397837593
245,0.1638426188399967,0.2591517197142672,0.0953091008742705
133,0.1635791807709353,0.2468460113484751,0.08326683057753978
1616,0.16341446680741506,0.2326653695276749,0.06925090272025983
2597,0.16317958032915744,0.31397492084493345,0.150795340515776
52,0.1631642399517598,0.3429954741820378,0.179831234230278
2253,0.16285480555819934,0.26234493023734656,0.09949012467914722
2535,0.16282092428745393,0.24656009591566933,0.0837391716282154
444,0.16275321041000793,0.25087474557247497,0.08812153516246704
2296,0.16252018302967175,0.22432934384127726,0.06180916081160551
2295,0.16252018302967175,0.22432934384127726,0.06180916081160551
2179,0.16233243850461987,0.25307427074048244,0.09074183223586257
2994,0.1619761627681822,0.24422662864564196,0.08225046587745977
2122,0.16189173543782603,0.24321660784732552,0.08132487240949948
2780,0.161375193765442,0.25492544475344425,0.09355025098800226
1559,0.16115504004641815,0.2656926149010961,0.10453757485467793
1562,0.16115504004641815,0.2656926149010961,0.10453757485467793
2205,0.1603641935478766,0.2593397737192159,0.09897558017133931
2366,0.16033658090457953,0.33479433022902794,0.1744577493244484
1724,0.16016223356912118,0.2543561875568621,0.09419395398774094
376,0.15950433148069626,0.43796719227501607,0.2784628607943198
2709,0.1594835320328898,0.22042410246229358,0.06094057042940376
1565,0.1594656065942839,0.2651386525566785,0.1056730459623946
2505,0.15935685989854617,0.243237575696113,0.08388071579756684
361,0.15917495521152142,0.24561549273249142,0.08644053752097
2916,0.15889222332848862,0.24904749263570286,0.09015526930721424
2447,0.15868413953887756,0.2293957680525682,0.07071162851369064
2600,0.15844259415580111,0.2788919539901741,0.12044935983437297
1732,0.1583694984105213,0.2738400538383864,0.11547055542786508
1936,0.15779023002684803,0.3251078949082702,0.16731766488142216
1894,0.15761524033535984,0.25128239674396696,0.09366715640860712
316,0.15760449752833727,0.28185276407438487,0.12424826654604759
249,0.15737623955675897,0.2572315568421089,0.09985531728534994
2590,0.1569711834524416,0.2299195848005888,0.0729484013481472
2727,0.1569161209252516,0.2727693310584891,0.11585321013323752
253,0.15687078254828726,0.2867293714097341,0.12985858886144683
170,0.156673573591032,0.32699862620856524,0.17032505261753322
189,0.15626258532493453,0.22600468090506598,0.06974209558013145
2524,0.15590897857972935,0.23011238712830373,0.07420340854857438
82,0.15576014234846985,0.2889449094921822,0.13318476714371236
2102,0.1557208857814912,0.2618607929658282,0.106139907184337
1769,0.15564082711271168,0.26218412489930787,0.10654329778659619
1473,0.1555745172427754,0.25894345665760876,0.10336893941483336
229,0.15556271784219416,0.2763130800828916,0.12075036224069746
2472,0.15554925811293452,0.3568170788340482,0.20126782072111365
1944,0.15526809778761366,0.22912893082643732,0.07386083303882365
1999,0.15520828020810534,0.34689323986066145,0.1916849596525561
1837,0.1549195000083251,0.3313007528220542,0.17638125281372907
1946,0.15484955894514094,0.23566061754436712,0.08081105859922619
2570,0.15480895671196576,0.22622770027487504,0.07141874356290928
2528,0.15473925727065155,0.22642858364407878,0.07168932637342723
1883,0.1546974071551857,0.2770622131065031,0.12236480595131738
2813,0.1545674545273476,0.24766349381465802,0.09309603928731042
2598,0.15439016953989337,0.2984287321266779,0.14403856258678455
2550,0.15437774617302474,0.21997487079784192,0.06559712462481718
500,0.15409750170451617,0.27475245829396977,0.1206549565894536
2234,0.15392463726361227,0.23886543564519427,0.084940798381582
61,0.15382193377087927,0.2235205389003141,0.06969860512943482
2181,0.1537212982817841,0.23677844869134884,0.08305715040956474
4,0.15361885393593772,0.28177117455774986,0.12815232062181214
1588,0.1534842686121261,0.2433979975719717,0.08991372895984559
1727,0.15336767259257625,0.2617597205965766,0.10839204800400035
3,0.15318418363324876,0.26546171065601964,0.11227752702277088
1583,0.15313298921058463,0.23687769495193411,0.08374470574134948
240,0.15299529760594588,0.28082699766234986,0.12783170005640399
2119,0.15278459244206413,0.263046938124419,0.11026234568235485
494,0.15270977845845393,0.28102330476872367,0.12831352631026974
2644,0.15260144300846415,0.2380240918117861,0.08542264880332195
2025,0.1525594982116895,0.2454466940554524,0.09288719584376293
463,0.15230974777818856,0.23715393494908096,0.0848441871708924
2228,0.15218187077145895,0.25095508865363564,0.09877321788217669
414,0.15194354306471797,0.22562479539711192,0.07368125233239395
1761,0.1518669046467422,0.23747989152224622,0.085612986875504
2399,0.15179603616751716,0.24949412002309515,0.09769808385557799
2169,0.15168555433929087,0.3143358479085041,0.16265029356921323
1615,0.15156986001817407,0.26983415855279685,0.11826429853462278
1669,0.15152311844326655,0.23253882672473233,0.08101570828146579
327,0.1514103763622144,0.2397177560188474,0.08830737965663299
2564,0.1513184695902323,0.2736738301110564,0.1223553605208241
2104,0.1511078498019362,0.23448068647684792,0.08337283667491172
2173,0.15106686625393287,0.23603468435963226,0.0849678181056994
370,0.15105091708128035,0.3336172485207539,0.18256633143947357
1800,0.15103659299556338,0.235874760779329,0.08483816778376563
1480,0.15085304650162723,0.274520239266257,0.12366719276462979
185,0.15064427397479707,0.342202305160158,0.1915580311853609
1734,0.1506127100110238,0.23224240448400416,0.08162969447298035
1453,0.15060075600046532,0.29890744799734825,0.14830669199688293
1958,0.1504088561718605,0.23536189516511563,0.08495303899325513
2251,0.15033834678924604,0.2721570131888502,0.12181866639960418
1400,0.1502899697216306,0.24157886634290288,0.09128889662127226
2077,0.1500526321687865,0.2838322164644085,0.13377958429562198
2266,0.14991070085175254,0.23306969322584972,0.08315899237409718
237,0.14972836221883287,0.2793185307060776,0.12959016848724472
1957,0.14957679969631063,0.24672836966299272,0.09715156996668209
1932,0.1495388835298035,0.22891396394702707,0.07937508041722358
2594,0.14952907311166286,0.2478091421597874,0.09828006904812453
378,0.1490943637567972,0.22672797973073436,0.07763361597393717
2125,0.14899405249301143,0.29616664569073503,0.1471725931977236
2805,0.14862926143296176,0.22401469163770407,0.07538543020474231
200,0.14833615584745663,0.224451397089328,0.07611524124187136
1600,0.14833615584745663,0.224451397089328,0.07611524124187136
1966,0.1483227923247687,0.2511559191098319,0.10283312678506323
2794,0.14816424836367367,0.2965967434291552,0.14843249506548153
1952,0.14812514912892233,0.20187912131171448,0.053753972182792154
382,0.1480500755496919,0.22704954240884154,0.07899946685914963
285,0.14772936423707514,0.2173330292204386,0.06960366498336346
2982,0.14769591861805492,0.22317634755161472,0.0754804289335598
2227,0.14765479714771473,0.19979278423068902,0.05213798708297429
1585,0.1474074221769488,0.3096708948017804,0.1622634726248316
1771,0.14708937907844935,0.21794530456030672,0.07085592548185737
493,0.14704478853772307,0.2447143597042954,0.09766957116657232
1780,0.14704478853772307,0.2447143597042954,0.09766957116657232
2979,0.1470292736538763,0.2999879411784822,0.1529586675246059
2981,0.14682373941078333,0.2229599207653314,0.07613618135454805
1618,0.14611043330746684,0.3075828561721684,0.16147242286470156
326,0.14595789531833278,0.25127072769854075,0.10531283238020797
2448,0.1458867216083275,0.19851874694060503,0.05263202533227754
2252,0.1458453503340227,0.23404506163985883,0.08819971130583612
380,0.14568856043603037,0.22756929972496678,0.08188073928893641
1578,0.1456695174001622,0.36296322379544477,0.21729370639528256
1672,0.14540770546610113,0.2289044900568066,0.08349678459070548
142,0.1451628634866257,0.20874468611921762,0.06358182263259193
3022,0.14513808709261683,0.24556036665325795,0.10042227956064112
1613,0.14508171935986564,0.3200408087931452,0.1749590894332796
2292,0.14504060464278187,0.22760188204422946,0.08256127740144759
181,0.14455574400138307,0.2203845897393815,0.07582884573799842
2529,0.14450708755351727,0.312713483762158,0.16820639620864075
1467,0.144278612743505,0.24241475072145663,0.09813613797795162
1676,0.144103773157379,0.2792534707871655,0.1351496976297865
464,0.14400784799172883,0.2210107091259151,0.07700286113418628
1859,0.143783024165096,0.22796379830864014,0.08418077414354413
2465,0.14377292339634976,0.23201932373928938,0.08824640034293962
2072,0.14349368174554727,0.21863428838041798,0.07514060663487071
273,0.14330923181813807,0.29296856629452145,0.14965933447638338
2151,0.14326987292935484,0.263805337016221,0.12053546408686616
1581,0.14316196479154406,0.24423625601503315,0.1010742912234891
1866,0.14310486719610122,0.2581318986935992,0.11502703149749799
2555,0.14305736244441278,0.23491077309492656,0.09185341065051378
432,0.14301392382729697,0.21641187648723295,0.07339795265993598
1848,0.14300706720257966,0.26292427704536575,0.11991720984278609
145,0.14299825832167748,0.23342551038778542,0.09042725206610794
2827,0.14271795074205967,0.27511055506056203,0.13239260431850236
1970,0.1426973863714745,0.28308577636801985,0.14038838999654535
1763,0.14250668697188262,0.21102670765186038,0.06852002067997776
1836,0.14248333003114594,0.25620999050933624,0.1137266604781903
3059,0.14229337117378466,0.22466958732078435,0.08237621614699969
1692,0.14175371296949896,0.23861248651349407,0.09685877354399511
1718,0.1417153124211895,0.21256767805069612,0.07085236562950661
2757,0.14161795243429723,0.22656571736734876,0.08494776493305153
2681,0.14157138948366285,0.20350045798303276,0.06192906849936991
2533,0.14144079951126629,0.2727437110893648,0.1313029115780985
1636,0.14140810083271643,0.2218015873849813,0.08039348655226486
383,0.1412582923373393,0.23045096922586022,0.08919267688852092
58,0.14107819544347455,0.2020018978722577,0.060923702428783144
2217,0.1409500356395064,0.2286136726809822,0.08766363704147581
2238,0.14087845717806013,0.2721726521858847,0.13129419500782458
1668,0.14086252353968795,0.20821644406372727,0.06735392052403932
2082,0.14072756305942793,0.2609238011610773,0.12019623810164934
292,0.14023929194276238,0.22344368787739366,0.08320439593463128
1819,0.1402081442313471,0.22050461998521978,0.08029647575387269
1654,0.1399697354387493,0.22719413878693495,0.08722440334818565
479,0.1396364599230589,0.22541130932418346,0.08577484940112456
2235,0.13961157576138758,0.2129398063050012,0.07332823054361362
2246,0.1395741047419917,0.2414053888592882,0.1018312841172965
2223,0.139565188925416,0.19403162836020624,0.05446643943479024
183,0.139491158230156,0.21492227061126104,0.07543111238110503
2717,0.1394069255218103,0.2897137799214157,0.15030685439960542
2643,0.1393348854405189,0.25276011241021856,0.11342522696969967
2230,0.13930711549341113,0.22176753486963433,0.0824604193762232
2278,0.13914009936382302,0.3051998855114416,0.1660597861476186
2469,0.1391321763741201,0.22723498331949427,0.08810280694537417
1382,0.13912468435155628,0.22625421093674336,0.08712952658518708
8,0.13904369457490087,0.23356686581586072,0.09452317124095985
2589,0.1389903346237865,0.20925246981248358,0.07026213518869709
47,0.13893004328568598,0.22956960408060564,0.09063956079491967
2244,0.1386794885601661,0.21837356878359754,0.07969408022343144
2329,0.13858047110512003,0.23363183909014615,0.09505136798502611
2226,0.138397520356033,0.21848385623601196,0.08008633587997896
306,0.13834654876505087,0.2077995630864339,0.06945301432138304
1661,0.13761798501860412,0.20808370086765396,0.07046571584904984
1786,0.1375729831104963,0.21248629176481015,0.07491330865431386
22,0.1374164708350138,0.23102945036397537,0.09361297952896158
1596,0.1373373278764169,0.2137562052026029,0.07641887732618602
2407,0.1370734804065632,0.2348590218914057,0.0977855414848425
2299,0.1368750909204755,0.21683472763922107,0.07995963671874556
2367,0.13681789429252056,0.23596413599417687,0.09914624170165631
420,0.13676905435685813,0.21177696987738007,0.07500791552052194
1542,0.1366865381033285,0.20149912962268912,0.06481259151936061
1416,0.1366865381033285,0.20149912962268912,0.06481259151936061
480,0.13666444184532886,0.25012761611448,0.11346317426915112
1908,0.13660728533153485,0.20168222910587372,0.06507494377433887
295,0.13657874338153625,0.208106171094107,0.07152742771257076
483,0.13650319216579965,0.2842000095367921,0.14769681737099244
3007,0.1364795568634556,0.2286363063893763,0.0921567495259207
2193,0.13630734175897025,0.4614036114542701,0.32509626969529987
1640,0.13620357445506664,0.21399352516128595,0.0777899507062193
331,0.13615613737742174,0.1950366035492883,0.05888046617186657
2344,0.13610854744558543,0.23251452833396327,0.09640598088837785
2530,0.13596819571222116,0.20096861629253798,0.06500042058031683
193,0.13589654046413066,0.2094740339295067,0.07357749346537604
1851,0.13549055720965483,0.21781782917454034,0.08232727196488551
2183,0.13545023214696672,0.2137234331779733,0.07827320103100657
2291,0.1354463416859943,0.2485641653833372,0.11311782369734291
2592,0.1354123985389236,0.22450279332063147,0.08909039478170788
120,0.13526630538024284,0.21404806361761392,0.07878175823737107
2204,0.13524354176380135,0.2745356484186847,0.13929210665488337
2692,0.13516561980965214,0.20851934391358773,0.07335372410393559
457,0.13504281865012246,0.20098206675927238,0.06593924810914992
1634,0.13493534675699498,0.22284853148263978,0.0879131847256448
2222,0.13481940264526973,0.21695063001665482,0.08213122737138509
1677,0.13478593441135797,0.22839751830060778,0.09361158388924981
1817,0.13459622172529676,0.2016870083118625,0.06709078658656575
2786,0.13458461500229035,0.20533262380271727,0.07074800880042692
254,0.13449701641198802,0.22114759436614279,0.08665057795415476
2891,0.1344442350243992,0.24692805184379177,0.11248381681939257
2265,0.1343680341727971,0.2415654427227563,0.10719740854995918
2152,0.13433968448210606,0.2712635561108195,0.13692387162871342
1564,0.1342276209320567,0.20225196527909345,0.06802434434703675
1887,0.13418650180960212,0.21350420181401342,0.0793177000044113
2218,0.13412593469027176,0.24369712311250633,0.10957118842223457
2360,0.13411876135511908,0.29380993234356495,0.15969117098844587
1355,0.1339816825168382,0.2050387116144055,0.07105702909756731
234,0.1339803586887997,0.2362442560911881,0.10226389740238839
1751,0.13382303936794884,0.2458121176216268,0.11198907825367796
2080,0.13381575114536948,0.2051264330657507,0.07131068192038123
2254,0.1338042587735105,0.22308508193394572,0.08928082316043523
2534,0.13353824318952895,0.26407935629586854,0.1305411131063396
3100,0.13347844208276602,0.19774334071020735,0.06426489862744134
1620,0.13324147394059357,0.24104029665401971,0.10779882271342614
504,0.13313375066969874,0.2316814708627558,0.09854772019305708
297,0.13298008905855574,0.23975376710191545,0.10677367804335972
2825,0.13293879396530234,0.22507197286137645,0.09213317889607411
199,0.13281518890156108,0.21013739840346543,0.07732220950190435
187,0.13271304987139282,0.19955596692549837,0.06684291705410556
134,0.13253663577284505,0.2111005727232835,0.07856393695043845
116,0.13240948498348026,0.19772896021809297,0.0653194752346127
2168,0.132384258201035,0.2445590472229693,0.11217478902193431
1762,0.13235883228313147,0.23094246511291167,0.0985836328297802
2385,0.1323237808717384,0.23916858981093722,0.10684480893919882
2595,0.13226230509141626,0.21135453889931918,0.07909223380790292
209,0.13211377429519483,0.21644423819177838,0.08433046389658355
224,0.1320763854099082,0.1922663174756027,0.06018993206569448
298,0.13197024498886928,0.18771710092789476,0.05574685593902548
2990,0.13184883435900857,0.20945649837838365,0.07760766401937508
1752,0.13162167829764856,0.2077225991142851,0.07610092081663652
206,0.13156623828076053,0.22744411381251226,0.09587787553175173
2093,0.1314906964986594,0.22182677123803363,0.09033607473937422
1396,0.13148029279353127,0.42641755296689693,0.29493726017336563
24,0.1314567984709631,0.26045495893608356,0.12899816046512047
2760,0.13145615287294515,0.20388041808743168,0.07242426521448653
445,0.13136068653139732,0.21280471758326283,0.08144403105186551
3053,0.13135630093048478,0.20442097134201123,0.07306467041152645
1895,0.13127724984972539,0.22146399227223149,0.0901867424225061
2239,0.13124942063304307,0.19964239516917545,0.06839297453613238
1939,0.1310891908651868,0.2080327630734841,0.07694357220829728
2149,0.1306642862582513,0.21935462696780833,0.08869034070955703
2166,0.13062947116432264,0.22017917415647678,0.08954970299215415
138,0.13062701547324693,0.20746533498802328,0.07683831951477635
2795,0.13061944107926435,0.18876902693178227,0.05814958585251792
2485,0.13061199933508463,0.219288236769567,0.08867623743448236
2458,0.13055713636086222,0.18785575554990153,0.05729861918903931
2856,0.13050244686332185,0.196535804086235,0.06603335722291315
1924,0.13042654550329813,0.20012519801636017,0.06969865251306204
2076,0.13026866706203707,0.20948563142683163,0.07921696436479456
1929,0.13024923915770717,0.2634919468328975,0.13324270767519034
2284,0.13024118452511513,0.39844246454050036,0.26820128001538523
1730,0.13020074818552,0.3074548567592096,0.1772541085736896
227,0.13015851506012155,0.32777516615796365,0.1976166510978421
1555,0.13011800872345264,0.19238323600321064,0.062265227279758
2923,0.1299260904874753,0.20448833208721204,0.07456224159973673
2487,0.12988269596059976,0.23194146783639435,0.1020587718757946
233,0.1297608853271929,0.2834659615567703,0.15370507622957738
2286,0.12973660626959144,0.1932852462179069,0.06354863994831547
1822,0.12958126049174737,0.20384104882531132,0.07425978833356395
2143,0.12952820695638256,0.20675277118085678,0.07722456422447421
1708,0.12945553615336589,0.22947697573628353,0.10002143958291765
1716,0.12943380107364924,0.176830203773243,0.04739640269959375
167,0.1293044198538151,0.20109910779826407,0.07179468794444896
2504,0.12927014352829147,0.1965200066794503,0.06724986315115883
2797,0.1292674259452268,0.23003242418450337,0.10076499823927657
1947,0.12925533604345765,0.20039074152183511,0.07113540547837746
2664,0.1292328003660611,0.23637256348837757,0.10713976312231646
2461,0.12908735688465742,0.25228384224268896,0.12319648535803154
1927,0.1290635034611998,0.1991459073900569,0.07008240392885709
2613,0.12902059989850678,0.2013121962688866,0.07229159637037982
1888,0.12895339815093737,0.26797694733177935,0.13902354918084198
2240,0.12893798656540212,0.1851413387778873,0.05620335221248518
1955,0.1288069981985285,0.19530020411613092,0.06649320591760241
1557,0.1287695362175168,0.22727121541211454,0.09850167919459774
1869,0.1283780970837013,0.19053000398145464,0.06215190689775335
150,0.12835320814311246,0.20959467865535816,0.0812414705122457
335,0.1282432359519408,0.18725753237399995,0.05901429642205916
2112,0.12818728566501852,0.22594778520326983,0.0977604995382513
2259,0.1281872386371037,0.24988626107002285,0.12169902243291914
2974,0.1280427481245546,0.2039547139938357,0.07591196586928109
2293,0.1278960633669405,0.2186494798419255,0.090753416474985
2023,0.12783600769642392,0.37089637548084403,0.2430603677844201
2132,0.12779888803296577,0.18572512584634313,0.05792623781337736
506,0.12761925015899156,0.29211634022364674,0.16449709006465518
497,0.12761925015899156,0.29211634022364674,0.16449709006465518
1956,0.1276126475836802,0.24680525235512385,0.11919260477144364
301,0.12749762239162116,0.19700511495035142,0.06950749255873026
1844,0.12736156511998922,0.20693658609588364,0.07957502097589442
2400,0.12722585248959134,0.23009202477040708,0.10286617228081574
2777,0.12687458663271242,0.2042113835659603,0.07733679693324788
27,0.12666485725531915,0.20059347214345755,0.0739286148881384
152,0.12664956378294018,0.1881295867874003,0.06148002300446012
1696,0.1266264636153999,0.2399867934459037,0.11336032983050381
201,0.1265329006804337,0.2116152121984993,0.08508231151806558
2287,0.1261854586755233,0.28307847995718,0.1568930212816567
1801,0.12618308967626196,0.2519532761345147,0.12577018645825272
2196,0.1261453831202815,0.18562236320062495,0.05947698008034344
2231,0.12605398893244832,0.20622615448709758,0.08017216555464926
2027,0.12604001361593628,0.1961262242146486,0.07008621059871231
1548,0.12582916613811176,0.21371785115230774,0.08788868501419597
415,0.12570062825622547,0.1903917749245747,0.06469114666834924
210,0.1256857183289159,0.22020814200670574,0.09452242367778985
1788,0.1256837556861019,0.21538961536722287,0.08970585968112096
177,0.12558873349991825,0.18408793697042677,0.05849920347050852
217,0.1255341611154641,0.23185645539033745,0.10632229427487336
2377,0.12529965642209215,0.20221156404167742,0.07691190761958527
1828,0.12525475908819617,0.2595487394594056,0.13429398037120943
2165,0.1251566951331198,0.23081817237443694,0.10566147724131714
2099,0.12506909311489758,0.17917482680527896,0.05410573369038138
1657,0.12506705830411333,0.18586129081012687,0.06079423250601354
2622,0.12501548837348456,0.21809384803772283,0.09307835966423827
2026,0.12490444128498437,0.22261202776761496,0.09770758648263059
3067,0.12488798697586473,0.21200056960747166,0.08711258263160693
2382,0.12488731452185294,0.2203675171024215,0.09548020258056857
2199,0.12484200385018568,0.19518283095693786,0.07034082710675219
1862,0.12477898222810886,0.20305383428810897,0.07827485206000011
2219,0.12453807906674218,0.21101277021878603,0.08647469115204386
1779,0.12453215450506915,0.22318419608683268,0.09865204158176354
125,0.12449833126243724,0.18435642000611846,0.05985808874368122
1816,0.12446899221388717,0.23298142609297315,0.10851243387908598
1607,0.1242265310780081,0.2772435501586989,0.1530170190806908
2332,0.1242069263542197,0.23458472047983214,0.11037779412561244
1749,0.12407884895395972,0.30143558750289057,0.17735673854893086
2375,0.12400633637860185,0.21303006577840383,0.08902372939980198
1558,0.12399600761134776,0.19612153153033135,0.0721255239189836
1563,0.12398252850600537,0.19117100157481023,0.06718847306880486
2241,0.12362545438343206,0.2635784009575982,0.13995294657416615
1619,0.1235637165801788,0.2190324735252131,0.0954687569450343
2572,0.12353668147528843,0.19918259157158238,0.07564591009629396
1726,0.1231584916767925,0.2185673219374417,0.09540883026064918
294,0.12314870221861053,0.24226758155245873,0.1191188793338482
3005,0.12310909021905421,0.2144193080941963,0.09131021787514208
470,0.12308827986421687,0.22706838640981739,0.10398010654560051
2052,0.12304314626009098,0.18583104591046454,0.06278789965037355
1847,0.12299797094938177,0.20619600302411523,0.08319803207473346
2660,0.12288183742638843,0.19800996622610637,0.07512812879971793
2745,0.12283688808362551,0.2723944470682966,0.14955755898467105
1938,0.12250790985080495,0.36854965430963427,0.24604174445882931
2388,0.12223915361358778,0.2218139252153023,0.09957477160171452
264,0.12222311285596048,0.289321505226489,0.16709839237052848
2864,0.12213151333701122,0.17847216110216846,0.05634064776515724
1551,0.12199715049559165,0.19422565337950345,0.0722285028839118
1943,0.12190115183103449,0.18731827746675322,0.06541712563571873
2014,0.12188395444923772,0.20079812894203333,0.07891417449279561
492,0.12181135420523645,0.17892977173520894,0.05711841752997249
2758,0.12180233802378687,0.17808311018311168,0.05628077215932481
1552,0.12151675519421073,0.18075762790053954,0.0592408727063288
2111,0.12144132395703114,0.2153906921618069,0.09394936820477576
3027,0.12140774355960983,0.20318506666646138,0.08177732310685155
2401,0.12140123264684742,0.23381135051411003,0.11241011786726261
2618,0.12139475454223513,0.27914445902117346,0.15774970447893832
2275,0.12129188741202664,0.21387213558006274,0.0925802481680361
2245,0.1210365770939934,0.20991926252867074,0.08888268543467734
88,0.12103264943934419,0.19355733062869507,0.07252468118935088
1813,0.1210298974330928,0.19173254512735288,0.07070264769426009
1757,0.12099880397701526,0.21121887024153235,0.09022006626451709
2790,0.12099544399694584,0.19325085865935882,0.07225541466241298
1610,0.12099544399694584,0.19325085865935882,0.07225541466241298
2770,0.12070499603261371,0.1924116102271428,0.07170661419452908
2117,0.12067936519901129,0.22520252326838472,0.10452315806937343
1898,0.12067066731058888,0.22871934677843153,0.10804867946784265
2317,0.12063872112600778,0.24444853468582198,0.1238098135598142
276,0.12063198311569488,0.16922616909030047,0.04859418597460559
1793,0.12058094744421671,0.20162140416973892,0.08104045672552221
2663,0.1205420044321874,0.18081009114848182,0.06026808671629441
2371,0.12050891506481849,0.21225423124171175,0.09174531617689326
2392,0.1204599098345839,0.1823257303647365,0.061865820530152604
1900,0.12044042295500333,0.1829389938776283,0.062498570922624966
68,0.12043831118280836,0.2250693403549583,0.10463102917214993
1715,0.12034383646994548,0.16858803434753605,0.04824419787759057
2124,0.12028566154339314,0.195857014276837,0.07557135273344386
2857,0.12028554961673417,0.20293251532104828,0.08264696570431411
2144,0.12025368216714029,0.19052580195908955,0.07027211979194926
2229,0.1201546635247518,0.22397268821531097,0.10381802469055916
2646,0.12000158863403743,0.1719464622525962,0.05194487361855876
2679,0.11997636690386243,0.1745006462036202,0.05452427929975778
2541,0.11966270258614208,0.2888228155823471,0.16916011299620504
2816,0.11947625661554148,0.2326271602089769,0.11315090359343541
2585,0.11947453922618505,0.18043998169963496,0.06096544247344991
3011,0.11941288697165352,0.23390324642315896,0.11449035945150544
2247,0.11932030304601782,0.255566414747016,0.1362461117009982
413,0.11909196105397037,0.18362585315289842,0.06453389209892806
2408,0.1190909616717133,0.19759624367801404,0.07850528200630073
1905,0.11901934038467972,0.3928312978086958,0.2738119574240161
1681,0.11894904964583468,0.20940521249662983,0.09045616285079515
2412,0.11891895802947866,0.23227139310340283,0.11335243507392417
2056,0.11891665423539806,0.28963057276777354,0.1707139185323755
2073,0.11887368574742532,0.20474272925416617,0.08586904350674085
1820,0.1188176671087716,0.19688165146113473,0.07806398435236313
2048,0.11876660103942448,0.44624474169471706,0.32747814065529257
2466,0.11872231308927854,0.19905421683705035,0.08033190374777181
1992,0.1186237936304631,0.3207822608522602,0.2021584672217971
2341,0.11859821193548756,0.2088284331377548,0.09023022120226723
1590,0.11856951039732666,0.19137711337170119,0.07280760297437452
443,0.1185676570465416,0.1866128831181783,0.06804522607163671
2995,0.1184555564781972,0.30460259630854386,0.18614703983034667
2315,0.11833478923664623,0.19729201770928026,0.07895722847263403
2411,0.11828056021215942,0.1847898024707911,0.06650924225863168
2037,0.11823008414862433,0.2284284878526617,0.11019840370403737
1880,0.11807475076950424,0.19174362111615695,0.0736688703466527
2474,0.11803686370275687,0.1832892831470354,0.06525241944427854
2059,0.11800340883584381,0.24826181599862626,0.13025840716278245
2897,0.11797696380640911,0.1876412120927819,0.06966424828637278
2188,0.11794145732464764,0.16876610185291777,0.050824644528270124
2997,0.11784975784479783,0.17344834695792796,0.055598589113130134
2599,0.11768637188404946,0.18836453328843739,0.07067816140438793
2988,0.11768226971128737,0.24375449473535676,0.1260722250240694
2449,0.11758314204927785,0.19084945292081726,0.07326631087153941
2503,0.11753752878777668,0.18282512991977545,0.06528760113199877
1740,0.1173428913963725,0.19552332310784457,0.07818043171147207
450,0.11724180388344714,0.1952272856173534,0.07798548173390625
2232,0.11722675245257029,0.24882004241724626,0.13159328996467595
278,0.11717193129793649,0.17950306898727061,0.062331137689334126
405,0.11716792366325414,0.20875050807139917,0.09158258440814503
2673,0.11685441127924988,0.2025225046550212,0.08566809337577132
1782,0.1168533407673177,0.193755444100286,0.0769021033329683
1951,0.11681744061095863,0.22232423878289875,0.10550679817194013
57,0.11681327184993297,0.17240479403235542,0.055591522182422456
135,0.11675186195460831,0.18304408803420094,0.06629222607959263
10,0.11672365152070577,0.18788001250341715,0.07115636098271139
355,0.11666932246779232,0.18058174018744003,0.0639124177196477
1857,0.11658008659306601,0.27059950108976566,0.15401941449669965
359,0.11656433814571202,0.19380127945020498,0.07723694130449296
1748,0.11646288752547719,0.20933802097789478,0.09287513345241759
1810,0.11645152195017688,0.20878666859856002,0.09233514664838313
2351,0.11638532342145286,0.22795810991207727,0.11157278649062441
2120,0.11634387110482894,0.22468959324716642,0.10834572214233748
2552,0.1162635362116147,0.17948496181839044,0.06322142560677574
252,0.1162370110867841,0.2073006819307141,0.09106367084393001
1622,0.11618662019630968,0.19680833470401055,0.08062171450770086
2191,0.11615220734840709,0.20757012144557332,0.09141791409716624
1625,0.11611988853180708,0.1770615103763602,0.06094162184455312
2190,0.1160867729509157,0.19599247580015772,0.07990570284924202
1768,0.11601822199684761,0.21414762031437606,0.09812939831752845
1843,0.11590572909849399,0.20321482821897666,0.08730909912048267
2078,0.11590420934962638,0.19736492112844295,0.08146071177881657
2316,0.11579009762946758,0.19617554162200063,0.08038544399253304
159,0.1156809083915987,0.24446452531855087,0.12878361692695217
1925,0.1156707670839694,0.19922020552449352,0.08354943844052412
2553,0.11564265279527866,0.18483711423822527,0.06919446144294661
146,0.11562882445892048,0.2124537058305094,0.09682488137158893
1427,0.11533148122408633,0.17714133266232576,0.06180985143823943
2256,0.11530466565637641,0.17898099000809725,0.06367632435172084
1556,0.1151566534536667,0.17703902974415706,0.06188237629049036
2107,0.1150702389067454,0.16436144333500807,0.04929120442826267
1667,0.11501457804715727,0.19420931064986324,0.07919473260270597
2886,0.11499458517651205,0.19657269598606694,0.08157811080955489
1719,0.1149716674486821,0.32069089180128835,0.20571922435260626
2551,0.11496994128540537,0.26904716606392554,0.15407722477852015
1998,0.11491242123365075,0.19031875273675553,0.07540633150310477
257,0.11480014242106032,0.2055396235473929,0.0907394811263326
176,0.11477564968009316,0.19327223025580817,0.07849658057571501
1978,0.11463377638442124,0.2051648409222982,0.09053106453787696
9,0.11459346252450388,0.2285744355444556,0.11398097301995173
2201,0.11458213163904091,0.16421405271844614,0.04963192107940523
2876,0.11455474519131562,0.1680352696199392,0.05348052442862358
2057,0.11454958798642802,0.18047439305336999,0.06592480506694197
2178,0.11441987760002771,0.21066159429112302,0.09624171669109531
2192,0.11441770642673652,0.2660311979543631,0.15161349152762657
2810,0.11436081472521016,0.24238995243285658,0.1280291377076464
2113,0.11416137665847068,0.17763344677770906,0.06347207011923839
1737,0.11406386626058271,0.17259133724780326,0.05852747098722055
39,0.1139683043593304,0.19983977151784657,0.08587146715851617
2451,0.11396561250145115,0.20374607963083172,0.08978046712938056
2568,0.11388631043468873,0.19182479254993584,0.0779384821152471
352,0.11378466861807345,0.19872184761862716,0.08493717900055371
2858,0.11369582607339342,0.19607058088684864,0.08237475481345523
2674,0.11359497996672316,0.20535109042554772,0.09175611045882456
1645,0.11355617372902609,0.196380098374729,0.08282392464570291
1919,0.1134232432996209,0.1879625129947481,0.07453926969512718
2262,0.1134103831873303,0.20197519202586708,0.08856480883853679
2764,0.1133156908336079,0.16367475492305328,0.05035906408944538
1986,0.11331401422778388,0.22181351126235113,0.10849949703456725
23,0.1132668991632564,0.19043099839331198,0.07716409923005559
2029,0.11326215618022283,0.18497514525213837,0.07171298907191555
2435,0.11313204468582626,0.15784011085702987,0.04470806617120361
2860,0.11304985244431323,0.25287375574237875,0.13982390329806552
2478,0.11298800530303427,0.20503707501359478,0.09204906971056051
368,0.11275322047258969,0.17669415684574158,0.06394093637315189
1976,0.1127173184585142,0.18756939540165177,0.07485207694313757
288,0.1126482873766578,0.35889561845483875,0.24624733107818095
2473,0.11255325364354156,0.1845164623119062,0.07196320866836463
1695,0.1125406592757803,0.1706506136541141,0.0581099543783338
2752,0.11225618181179112,0.16914536336292696,0.05688918155113584
2798,0.11222223413559383,0.19238385135343852,0.08016161721784469
1743,0.11217348685137174,0.19616298296730275,0.08398949611593101
144,0.11198763724476334,0.167825646280618,0.05583800903585466
2743,0.11175931658645682,0.1782142649539691,0.06645494836751228
2308,0.11134811275658889,0.15299103697141433,0.04164292421482545
1767,0.11129994785658438,0.19867119317176182,0.08737124531517744
1892,0.11102013197447412,0.1683291027442403,0.05730897076976617
1663,0.11095183245666211,0.1778246099576456,0.06687277750098349
1701,0.11086303611873098,0.1740547921218183,0.06319175600308731
362,0.11073683191529753,0.18015270228886046,0.06941587037356294
48,0.11066553265146804,0.24687108505374714,0.1362055524022791
1646,0.11066309912116491,0.1921557873941261,0.08149268827296118
1754,0.11066309912116491,0.1921557873941261,0.08149268827296118
1913,0.11052820004490642,0.18288185552672234,0.07235365548181592
371,0.11037252377994348,0.194328976126965,0.08395645234702152
2811,0.11035253816651798,0.2169471040447114,0.10659456587819342
2420,0.11031324534994681,0.1853418201323594,0.07502857478241258
2297,0.11019207791199455,0.23802141373227248,0.12782933582027795
2370,0.11018565920910937,0.21850121692663163,0.10831555771752226
1582,0.11015983113728305,0.19167581140809423,0.08151598027081118
1648,0.11015983113728305,0.19167581140809423,0.08151598027081118
12,0.11015983113728305,0.19167581140809423,0.08151598027081118
2463,0.11015983113728305,0.19167581140809423,0.08151598027081118
2260,0.11007414355103264,0.19200474979262272,0.08193060624159008
1937,0.11006803160585557,0.19251332127264945,0.08244528966679388
451,0.10997873229195848,0.16085587945863586,0.05087714716667738
2355,0.1099334843771987,0.24379919753152327,0.13386571315432455
2103,0.1098467651541951,0.17885587164332573,0.06900910648913063
1665,0.10984401175552,0.18171805445848843,0.07187404270296843
2160,0.10984401175552,0.18171805445848843,0.07187404270296843
1795,0.10981424085386413,0.17772349017474365,0.06790924932087952
1587,0.10969535622726505,0.18809931068523963,0.07840395445797459
2088,0.10963145639216748,0.18096446666662067,0.07133301027445318
2641,0.10960870990813179,0.2937813547197465,0.1841726448116147
2189,0.10957410922552985,0.1752489580288171,0.06567484880328725
13,0.10938483696247153,0.1733459555941426,0.06396111863167106
2326,0.1093621034828192,0.17674983617981616,0.06738773269699695
1778,0.10930031884608911,0.1714488574591999,0.0621485386131108
2007,0.10923020243719271,0.18295949725204771,0.073729294814855
2788,0.10904218017098279,0.18845691394176006,0.07941473377077728
2977,0.10876326306083862,0.1638274040515921,0.05506414099075348
1912,0.10875124111962889,0.1838683307432248,0.07511708962359592
411,0.10874155495230643,0.1680840039748226,0.05934244902251616
46,0.10868119073990899,0.1968920329430146,0.08821084220310561
2418,0.10867889931533072,0.17073054714564367,0.06205164783031296
1706,0.10863851851629956,0.16913709819719475,0.060498579680895184
238,0.10834466656494672,0.18996320768263858,0.08161854111769186
322,0.10822250258253345,0.1734924017282867,0.06526989914575325
2896,0.1080951962331006,0.18958930430917853,0.08149410807607793
2035,0.10801842709877957,0.2975811896637619,0.18956276256498233
1574,0.1079723537748152,0.18831785378060317,0.08034550000578797
2174,0.10789335328643815,0.16041688263164286,0.05252352934520471
2261,0.10784550723143922,0.23129124758248767,0.12344574035104845
2338,0.10763968068441566,0.1870110010361278,0.07937132035171214
259,0.10759879255674179,0.25322545476190716,0.14562666220516537
1731,0.10756252650309314,0.18549660208354282,0.07793407558044968
2224,0.10755315326009755,0.16812792820683378,0.06057477494673623
2098,0.10751300386345976,0.22343457266671457,0.11592156880325481
2249,0.10737887550357417,0.1864408563276238,0.07906198082404964
2453,0.10730035658264736,0.18170742931261274,0.07440707272996538
2515,0.10720212792481602,0.15622354091347881,0.04902141298866279
2214,0.10712007551930447,0.16574663766251646,0.05862656214321199
1656,0.10696637599697119,0.17874972695845576,0.07178335096148457
1896,0.1069242940370999,0.21362730272924604,0.10670300869214615
2462,0.10685654515737242,0.18972259160110486,0.08286604644373244
2108,0.10674127782379433,0.19885042459055446,0.09210914676676013
2626,0.10673280800763135,0.19159511311768343,0.08486230511005208
2502,0.10665497510637759,0.16652743564396996,0.059872460537592376
2554,0.10663177381117683,0.1886130272184676,0.08198125340729076
419,0.10646470673620097,0.18548094541484003,0.07901623867863906
1455,0.10639195613765794,0.1733042034805315,0.06691224734287356
2115,0.10638240163804118,0.18714171573286256,0.08075931409482139
2182,0.10636615717949133,0.1741765606057538,0.06781040342626246
2062,0.10634376551031881,0.2038900183856263,0.09754625287530748
1872,0.10630260421964213,0.16529321952215914,0.05899061530251701
2086,0.1062667570978595,0.1860317881930451,0.07976503109518561
1945,0.10614524156785389,0.18821942546657822,0.08207418389872433
1717,0.10610408242012967,0.19203356753857856,0.08592948511844889
2588,0.10606103858002897,0.19337616253416967,0.0873151239541407
137,0.10603328285712225,0.1951425750238265,0.08910929216670425
1546,0.10584251704844778,0.19278584771167412,0.08694333066322633
1621,0.10583717867276436,0.1790371984207027,0.07320001974793834
2353,0.10573056617287366,0.1851227055587164,0.07939213938584275
1948,0.10572137498125614,0.16208137807025225,0.05636000308899611
1841,0.10568329648324899,0.20558315522312612,0.09989985873987713
2460,0.10565577389640778,0.17484399730996197,0.0691882234135542
423,0.10559299975976773,0.1741294720324193,0.06853647227265157
1783,0.10556950805931295,0.1650485540525714,0.059479045993258456
339,0.10550504326117607,0.20186108608339018,0.0963560428222141
2742,0.10523144892132237,0.1644382359196751,0.05920678699835273
2721,0.10516037217203436,0.2614182897831573,0.15625791761112293
1742,0.10515463306651514,0.1876538729070967,0.08249923984058156
2430,0.10513948276111382,0.19307133384608557,0.08793185108497176
1917,0.10509392336054267,0.18013474516127312,0.07504082180073045
1690,0.10507028120286085,0.21858080401909763,0.11351052281623678
2243,0.10496760359172629,0.33245885781049117,0.22749125421876487
2285,0.10496524934013753,0.17854056295365084,0.07357531361351331
2999,0.10496215769219844,0.18272111545706823,0.0777589577648698
1794,0.10483119861217001,0.18936749691820134,0.08453629830603133
2507,0.10470908288596303,0.17521722354580263,0.0705081406598396
2480,0.10469580575219693,0.1673928124553468,0.06269700670314986
2768,0.10445643726113531,0.16332152604579753,0.05886508878466222
2118,0.10432650636411549,0.16985606092164718,0.06552955455753169
1915,0.10414563163193906,0.1838245647341309,0.07967893310219183
1632,0.10414563163193906,0.1838245647341309,0.07967893310219183
1744,0.10414563163193906,0.1838245647341309,0.07967893310219183
1909,0.10414563163193906,0.1838245647341309,0.07967893310219183
377,0.10408077900662506,0.15983837490469008,0.05575759589806502
2658,0.10403578519585198,0.2948758778011526,0.1908400926053006
2740,0.10402590571336583,0.20799607731023423,0.1039701715968684
1818,0.10396201632821875,0.17658943646302336,0.07262742013480461
2258,0.10382823180923062,0.1801644889493221,0.07633625714009148
1735,0.103755981431563,0.20386288385444662,0.10010690242288361
2526,0.10373497662642145,0.16385076735147047,0.06011579072504902
67,0.10361725845733473,0.1748571046493222,0.07123984619198746
1545,0.10354499462847953,0.21064877183482103,0.1071037772063415
1352,0.10344061656405178,0.18477878329151454,0.08133816672746276
2459,0.10342979967836553,0.18010904305512782,0.07667924337676228
1576,0.10333717997340662,0.17305085064956827,0.06971367067616165
2028,0.10331965360977981,0.18057308688366325,0.07725343327388344
1760,0.10318513114277632,0.1537964996376238,0.05061136849484747
2055,0.10317116343323966,0.15892822760368847,0.0557570641704488
503,0.10307917581544007,0.1919043957887966,0.08882521997335652
1644,0.10284138975518806,0.2557252572504809,0.15288386749529284
2629,0.1028222031661463,0.16554035293066485,0.06271814976451855
2538,0.1028184779972558,0.1794049702015311,0.0765864922042753
2233,0.10281065506489813,0.1790239268721258,0.07621327180722766
1882,0.10265635232916014,0.16903116857765194,0.0663748162484918
315,0.10264742392761016,0.17715992186041646,0.0745124979328063
2558,0.1024579943085221,0.16581233245568655,0.06335433814716446
1824,0.10239899785633433,0.2566615149840084,0.15426251712767408
1893,0.10219363662660484,0.19416776699902372,0.09197413037241887
1639,0.10219297843134616,0.173722820339715,0.07152984190836885
2186,0.10213854486694687,0.1794351822237959,0.07729663735684902
1549,0.10209381647313018,0.14156581861341602,0.039472002140285845
2197,0.10202822268720058,0.15962288363301724,0.05759466094581667
2828,0.10197668366225937,0.18118612123849528,0.07920943757623591
1704,0.10193852039524495,0.19347668405132165,0.0915381636560767
1987,0.10191979622717204,0.15594047018796303,0.054020673960790994
2017,0.10190378416116228,0.16836626797079818,0.0664624838096359
2511,0.10177624271720678,0.1877329353135008,0.08595669259629402
2044,0.10171129688354483,0.2022480145951316,0.10053671771158676
2767,0.10167490087757826,0.19386011413426507,0.09218521325668681
141,0.10165279929210913,0.15606261105728964,0.054409811765180505
1678,0.10154640853580911,0.18401502537095726,0.08246861683514815
1746,0.1015053277485755,0.20048377433764905,0.09897844658907355
303,0.10128663175508575,0.19969034649665734,0.0984037147415716
393,0.101259154782375,0.16180053411466055,0.06054137933228555
434,0.10108576590293367,0.1554444277538666,0.05435866185093294
2216,0.10102011057797422,0.180066224098655,0.07904611352068078
2642,0.10101167363290249,0.18578856138013325,0.08477688774723076
2633,0.10098504823407078,0.1992266640115878,0.09824161577751703
1628,0.10095327044676684,0.1769241166024463,0.07597084615567946
2973,0.10086279577530391,0.16901365528809437,0.06815085951279046
1635,0.1008181582710741,0.1654704677127151,0.06465230944164099
1379,0.10070104318831266,0.18268580475021268,0.08198476156190002
1614,0.10060773379992319,0.17175480237896565,0.07114706857904246
2591,0.10055292642816865,0.1588813044372359,0.05832837800906723
441,0.10050996033109054,0.24516947564452365,0.14465951531343313
198,0.10049650893020054,0.1802272374776713,0.07973072854747076
2109,0.10046658093142216,0.14536283328599856,0.044896252354576394
2101,0.1004472834619607,0.17324304340741278,0.07279575994545208
422,0.10039967804883579,0.15831805871452248,0.05791838066568669
2688,0.10039898540575062,0.19683750840564532,0.0964385229998947
226,0.1003947916246489,0.1642748379040207,0.0638800462793718
2580,0.10035797560723146,0.18144673789527238,0.08108876228804092
2890,0.1002227821146438,0.16226502144482555,0.06204223933018174
2659,0.10020321903581261,0.19881722718692146,0.09861400815110885
2649,0.10017853311814075,0.1456814992342224,0.045502966116081664
2484,0.10011491057743029,0.31199231288012286,0.21187740230269259
1873,0.10003931672622587,0.16659962078496018,0.06656030405873431
59,0.09999048087590005,0.18670085111319945,0.0867103702372994
3012,0.09994634993744735,0.14999529939722173,0.05004894945977438
2574,0.09986388260418418,0.16211224381096728,0.06224836120678311
2365,0.0998630618492262,0.19030887418951983,0.09044581234029363
268,0.09968954341891625,0.20027920040321098,0.10058965698429473
394,0.09951060493544907,0.1551756200042257,0.05566501506877662
2363,0.09947774931674926,0.18730666459349024,0.08782891527674098
1877,0.09946926943816842,0.18639852882506242,0.086929259386894
1655,0.09945745404806337,0.16281242290166967,0.0633549688536063
222,0.09943897147706747,0.15026034662135437,0.050821375144286904
1890,0.09935203506954404,0.19996298537130072,0.10061095030175668
2656,0.09915062499282003,0.15119344109765598,0.05204281610483595
1889,0.09909430953544586,0.17594692260000877,0.07685261306456291
1446,0.09909430953544586,0.17594692260000877,0.07685261306456291
425,0.09904311689784658,0.19429407127739518,0.0952509543795486
2751,0.0988833876344286,0.14902350058366662,0.05014011294923802
2005,0.0988555686574558,0.15644708220060272,0.05759151354314691
1680,0.0987535617993921,0.16391551710390045,0.06516195530450836
2604,0.09873863646295417,0.144405220614182,0.045666584151227846
1850,0.09864909875428311,0.18805403183621633,0.08940493308193322
2212,0.09851817933942233,0.17602268774302163,0.07750450840359929
2283,0.09850477073299736,0.17104197325314963,0.07253720252015226
1664,0.09835532511986016,0.32861405063291005,0.23025872551304988
1790,0.09832931121383548,0.14280849861408976,0.04447918740025428
449,0.09831225167762767,0.1631956700940247,0.06488341841639703
1863,0.09829641853132036,0.1906142027494749,0.09231778421815455
353,0.09822226429862284,0.17032514593355086,0.07210288163492802
2544,0.09818640787724799,0.20765035894849823,0.10946395107125025
1602,0.09811526651958075,0.1541075357373516,0.05599226921777084
2374,0.09811232207392101,0.15756328369786174,0.05945096162394073
2436,0.09810514234698396,0.18732023645766793,0.08921509411068397
1791,0.09809520411747012,0.14757346839525612,0.049478264277786
1855,0.09800218477822116,0.19335263841886896,0.0953504536406478
2221,0.097984689141802,0.1476545766965335,0.04966988755473151
489,0.0979529665383484,0.21305245418905808,0.11509948765070968
2203,0.0979398468980611,0.1381777908712241,0.04023794397316299
2163,0.09777244802226569,0.2436509556238361,0.1458785076015704
2393,0.09775506889144996,0.1797807085197655,0.08202563962831554
2009,0.09773285085217855,0.17065687799164925,0.0729240271394707
2455,0.09767793541558416,0.18197045799106631,0.08429252257548216
2324,0.09756901968053353,0.16504930257121067,0.06748028289067715
3097,0.09756263971046843,0.17755584055329698,0.07999320084282856
3009,0.09753138625159596,0.1643207719637169,0.06678938571212092
409,0.0974172969469047,0.2033089064771715,0.10589160953026681
1940,0.09733448042061642,0.16019433791744714,0.06285985749683072
2623,0.09727393344904536,0.1626805214740356,0.06540658802499025
1647,0.0972725297902032,0.23059882652022404,0.13332629673002083
2933,0.09713323326328811,0.15697646658694783,0.05984323332365972
2271,0.09710120423541999,0.15627713536827778,0.059175931132857795
1662,0.09703976142587682,0.15679700889058384,0.05975724746470702
2006,0.09696223786557483,0.1664037113979855,0.06944147353241066
28,0.09677354888863397,0.17353019313965704,0.07675664425102306
1682,0.09673711343602584,0.19353384959807213,0.09679673616204629
1570,0.09673452625170137,0.17370419346295415,0.07696966721125278
1765,0.09668793076876968,0.32792779671778055,0.23123986594901086
1785,0.09664307222558179,0.15485110193616006,0.05820802971057827
2693,0.09661861593203258,0.1545478707171451,0.057929254785112516
1864,0.096584843441062,0.1705494360847544,0.0739645926436924
188,0.09641881178282337,0.15344677829996578,0.05702796651714241
2158,0.0961518044341311,0.1583496756633277,0.062197871229196594
1942,0.09590645411521412,0.17485077216530276,0.07894431805008864
1781,0.09585585345256771,0.17771916754879175,0.08186331409622404
2208,0.09584991615625892,0.3260776408670965,0.23022772471083758
2475,0.09578559038736222,0.18048135582515829,0.08469576543779607
2557,0.09568379075381296,0.1829515244221628,0.08726773366834985
136,0.09548909323183315,0.1526642666508727,0.05717517341903956
2445,0.09542385471019729,0.2232116232652321,0.12778776855503482
337,0.09523843261762484,0.24486026872769248,0.14962183611006763
2650,0.09523310692604436,0.1593751932043576,0.06414208627831325
1687,0.09520824971913626,0.21662442237599225,0.12141617265685599
1797,0.09519106412181494,0.15818419129537709,0.06299312717356215
1598,0.0951892195532303,0.15652225814319679,0.061333038589966485
3021,0.09512517176065892,0.15619158745478848,0.06106641569412956
25,0.09511385466017831,0.19895385080638364,0.10383999614620533
2030,0.09509635882458214,0.14122725098369732,0.04613089215911517
2311,0.09507942147136039,0.28076762229308505,0.18568820082172466
1787,0.09506393917310327,0.20133102263642286,0.10626708346331959
2137,0.09495231444114023,0.18994921794735792,0.09499690350621769
2225,0.09495142005353427,0.19105472858919745,0.09610330853566318
1693,0.09490466957459592,0.20743375579171514,0.11252908621711921
2064,0.09488740138889493,0.30004697588698076,0.20515957449808583
1686,0.09469271759171671,0.1678680520004723,0.0731753344087556
1592,0.0946369728813458,0.1527773206915112,0.0581403478101654
1979,0.0945857643621484,0.15086584850208,0.056280084139931616
2546,0.09450859162039085,0.2043165240139074,0.10980793239351655
1842,0.09443544567933332,0.19015870068606747,0.09572325500673415
2437,0.09437784232790343,0.22285775508024616,0.12847991275234272
17,0.09432125034077947,0.1659288322570223,0.07160758191624282
2333,0.09431108228585142,0.20261566128306205,0.10830457899721063
1572,0.09429977544385132,0.16480354905234584,0.07050377360849452
2170,0.09421419837536313,0.15982834162306978,0.06561414324770665
1623,0.09415663352578896,0.21152662077573073,0.11736998724994177
2887,0.09407863335854003,0.16084825807815614,0.06676962471961612
2209,0.09406143122629372,0.16410705799125344,0.07004562676495972
126,0.09403209383817099,0.1978795535913274,0.1038474597531564
2376,0.09394824969530402,0.1724806738133697,0.07853242411806569
1991,0.09383568306636257,0.1652766788934924,0.07144099582712983
1831,0.09370271752807145,0.15914696844547663,0.06544425091740518
1703,0.09359978087521,0.1640062824661481,0.0704065015909381
2187,0.09358559236823873,0.17094360117241458,0.07735800880417586
459,0.09357745800702029,0.14160862374183938,0.048031165734819095
2438,0.09354749413210528,0.164802303626936,0.0712548094948307
1478,0.0935136317173701,0.18565144343048567,0.09213781171311558
2638,0.09341542941121173,0.1967940939489463,0.10337866453773459
2323,0.0930293350634155,0.18795916043542876,0.09492982537201326
2785,0.09298538528475767,0.17636842921027532,0.08338304392551765
2012,0.09297539087267472,0.1531646827392703,0.06018929186659559
2031,0.09297421386882046,0.17955920431177352,0.08658499044295306
2242,0.09280159001455651,0.16180529443253816,0.06900370441798165
2666,0.09276663523557184,0.1797637791523039,0.08699714391673206
2357,0.09267965678685504,0.16552482747910935,0.07284517069225431
2079,0.09266005074486729,0.1741721206963873,0.08151206995152001
2620,0.09261603036504522,0.159235296698448,0.06661926633340277
1573,0.09253573564837793,0.1577030573066301,0.06516732165825216
2586,0.09252436154563907,0.17365359353428134,0.08112923198864226
1594,0.09246328226145768,0.23119725912024292,0.13873397685878525
2312,0.09237204372565194,0.16273510003069722,0.07036305630504527
168,0.09235786887569139,0.153710680963678,0.0613528120879866
2100,0.09234361232542213,0.15854442920690606,0.06620081688148394
1660,0.09229683298032726,0.18537411409156926,0.093077281111242
1685,0.09223269991198443,0.17739348923192552,0.08516078931994109
18,0.09221974776303614,0.1744980245250484,0.08227827676201226
2038,0.09216121994413337,0.15774100680886494,0.06557978686473157
2391,0.09210648694083293,0.16125970445394772,0.06915321751311479
2011,0.09207227402474615,0.14234010613732523,0.05026783211257908
2750,0.09198032334050324,0.17230499802279212,0.08032467468228888
293,0.09195858434871491,0.15819240513808974,0.06623382078937483
2207,0.09192081212672792,0.17119856229172134,0.07927775016499342
2368,0.09176520452629806,0.19852729763388022,0.10676209310758215
302,0.09173598027579831,0.16959462963792102,0.07785864936212271
2766,0.09155484960699077,0.1814716342615778,0.08991678465458704
2114,0.09141298910239234,0.1528657434255829,0.061452754323190556
1934,0.09138160789029266,0.14542991414123632,0.05404830625094366
412,0.0913780168034381,0.15554393767424327,0.06416592087080517
1609,0.09126442288836299,0.19699103775902926,0.10572661487066627
1741,0.09126089780406575,0.16922990132223678,0.07796900351817103
2148,0.0912420931804558,0.2099563406195418,0.118714247439086
2381,0.09124165537934129,0.2373592747734528,0.14611761939411153
365,0.09116626959362226,0.14211800806479827,0.05095173847117601
1631,0.09107433747156907,0.15689639669187616,0.0658220592203071
1702,0.09093612415048853,0.2473523806094849,0.15641625645899637
3002,0.09090728231037909,0.16857985749280074,0.07767257518242165
235,0.0909061913248291,0.17619622779318478,0.08529003646835567
2450,0.09088369670789948,0.14514301187796963,0.054259315170070155
1891,0.090834818994064,0.17258131387080458,0.08174649487674059
3095,0.09072997687743442,0.17263242433023337,0.08190244745279895
2601,0.09055622048570133,0.15560373991315024,0.06504751942744891
2922,0.09039922469205644,0.1602532067268925,0.06985398203483606
2022,0.09038434284665406,0.1683626362038408,0.07797829335718673
1811,0.09030798329827759,0.14512588028945275,0.05481789699117516
2281,0.09017606955471551,0.16268912565508997,0.07251305610037447
1950,0.09009085972273069,0.28136996850550194,0.19127910878277127
1839,0.08982964280435195,0.19113981851121178,0.10131017570685984
2331,0.0898132178770896,0.15898433992010744,0.06917112204301784
350,0.08968533490264273,0.15227559025884402,0.06259025535620129
2800,0.08966985018427037,0.2532666537172173,0.16359680353294692
1775,0.08956279346258478,0.1488103059791524,0.059247512516567624
130,0.08918936168092474,0.21381168355427177,0.12462232187334703
83,0.08902575200064873,0.13454347895503635,0.04551772695438762
2654,0.08901147914953209,0.1521073875329916,0.06309590838345952
2569,0.08899012492557194,0.15860013448949742,0.06961000956392548
2778,0.08897995726674893,0.1682882759546655,0.07930831868791657
1577,0.08897713452182532,0.2270822250624104,0.1381050905405851
2665,0.08893482995387002,0.16769777325535573,0.07876294330148571
2379,0.08890195466165608,0.1604122637360131,0.07151030907435703
267,0.08879587212182506,0.12981116655383354,0.04101529443200848
1389,0.08860029165335465,0.19562221731478302,0.10702192566142837
3013,0.08848742911986664,0.1596137018251635,0.07112627270529685
2483,0.08834820115364281,0.15952490526470717,0.07117670411106436
1814,0.08804942160525388,0.15729841320132676,0.06924899159607288
2060,0.08791464197891263,0.29120896485995795,0.20329432288104532
1860,0.08773835314342623,0.13473790924272233,0.0469995560992961
1612,0.08751094896913751,0.20131778351482008,0.11380683454568256
2917,0.08746822501304785,0.16721261421312722,0.07974438920007937
2639,0.08726537756946408,0.16027318194432394,0.07300780437485986
1997,0.08726261733940834,0.16362891512659286,0.07636629778718453
228,0.08681423963391408,0.18289734509394293,0.09608310546002885
1554,0.08678724951632809,0.15112500992823164,0.06433776041190355
1543,0.08674663987066616,0.18097503773255658,0.09422839786189041
1725,0.08671039482809807,0.15660873867688355,0.06989834384878547
2772,0.0867073083455723,0.13119250712478647,0.04448519877921417
2425,0.08667438524682884,0.18752642055565424,0.1008520353088254
1399,0.08661359096395917,0.1639397392116984,0.07732614824773924
1547,0.08661359096395917,0.1639397392116984,0.07732614824773924
3069,0.08655445934513283,0.14856644165223892,0.0620119823071061
2272,0.08648052439334483,0.15954866123630423,0.0730681368429594
2043,0.08635285149653747,0.14511975396814422,0.05876690247160675
2578,0.0863120314537096,0.13615349710775895,0.04984146565404936
1902,0.08626010759934885,0.13773805954211485,0.051477951942766
2636,0.08616603699383006,0.1386766713932123,0.052510634399382236
347,0.08615667032941404,0.2896646839406166,0.20350801361120258
2302,0.08602399337404691,0.24367740954865977,0.15765341617461287
2583,0.08596183613993168,0.16239265679236953,0.07643082065243785
2499,0.08585516596231722,0.1662773290570956,0.08042216309477838
279,0.08584008184868028,0.18345150990758852,0.09761142805890824
2321,0.08580441071428171,0.16360282573882587,0.07779841502454415
154,0.08555925393923401,0.19861719972509437,0.11305794578586036
2373,0.08546775315989143,0.13856969808238087,0.053101944922489444
1591,0.08533014124169265,0.1598265989937116,0.07449645775201895
2195,0.0853241371977759,0.1654021184586538,0.0800779812608779
2444,0.08528248691310962,0.14936973993291794,0.06408725301980832
2419,0.08527684752931564,0.14731758902023476,0.06204074149091912
2617,0.0851168345302368,0.16545264628620135,0.08033581175596455
379,0.08495332072739559,0.13193727883516612,0.046983958107770535
1604,0.08487614083017095,0.15391962468641623,0.06904348385624529
1670,0.08485132340334055,0.14018355165173488,0.05533222824839433
2929,0.08482785681502299,0.1543445645665179,0.06951670775149492
2872,0.08456574988295074,0.182542918520011,0.09797716863706027
2542,0.08453226886775425,0.1548818897215648,0.07034962085381055
1666,0.08427089844175957,0.16186200054439082,0.07759110210263125
1571,0.08427051714260055,0.12123884139183677,0.036968324249236226
207,0.08420717849939402,0.15216705110047193,0.06795987260107791
290,0.08407493176935385,0.1696749333215942,0.08560000155224035
2409,0.08402278414598363,0.21240755109990356,0.12838476695391993
1624,0.08392619749406767,0.16440535605167622,0.08047915855760855
1852,0.08392072556805068,0.14729627004482573,0.06337554447677506
325,0.08379108020826785,0.13582798092188145,0.052036900713613596
2452,0.08373332193453034,0.1224682818632064,0.03873495992867605
247,0.08371855760504343,0.3088619115019504,0.22514335389690698
1597,0.08343978986439539,0.14388154887677254,0.06044175901237715
2525,0.08342049733487764,0.162668899718694,0.07924840238381636
2172,0.08327969102933382,0.5548753563664885,0.47159566533715475
1865,0.08279132044928385,0.1245034302258913,0.041712109776607456
2423,0.08268160976704933,0.14241287315325513,0.059731263386205796
1553,0.08263274261657001,0.12516492845165297,0.04253218583508296
2164,0.08258738605294642,0.13618236763317856,0.05359498158023214
2493,0.08257931552485874,0.15236238080101389,0.06978306527615515
2615,0.08256837246116348,0.14112874872559447,0.05856037626443099
1868,0.08254963693300625,0.2621730158060853,0.17962337887307905
1710,0.08251354554041708,0.2097866120097469,0.12727306646932984
2404,0.08247985441258791,0.15113180617361419,0.06865195176102627
280,0.08237224881285797,0.1404438473907033,0.05807159857784534
2180,0.08232638172553067,0.14923233534658525,0.06690595362105459
2177,0.08223757334845869,0.13830540583440304,0.05606783248594435
29,0.0820628522196925,0.20694957747622783,0.12488672525653532
2603,0.08203772960022764,0.1685761292967688,0.08653839969654116
2130,0.08202486494592526,0.14103505839772346,0.0590101934517982
487,0.08196111332335514,0.13084868277115289,0.04888756944779775
2476,0.08194610241218578,0.17054799969291498,0.0886018972807292
2002,0.08193402212903371,0.12821217530798795,0.04627815317895424
2934,0.08192903988499574,0.1420738578138342,0.060144817928838454
2781,0.081921561295284,0.12637832574140664,0.04445676444612265
2000,0.0818754954716982,0.14423813475153557,0.06236263927983737
2630,0.08158870093225529,0.18075945720308587,0.09917075627083058
1569,0.08141081219890099,0.12718378017365609,0.045772967974755094
42,0.08134246872338104,0.14706256565393402,0.06572009693055299
2145,0.08125793723794986,0.20446267442360097,0.12320473718565111
2456,0.0812484715760934,0.16319105295683214,0.08194258138073875
2625,0.08122953450701709,0.1992591641644452,0.11802962965742811
1764,0.0811989622428432,0.14234337978119468,0.06114441753835148
486,0.08117147742941822,0.14526955502784,0.06409807759842179
5,0.08114241977924229,0.1908800780332966,0.10973765825405431
2861,0.08110451289101123,0.15405496416464592,0.0729504512736347
1658,0.08105139346770437,0.17656239380096178,0.0955110003332574
1954,0.08093239517826173,0.15237339317062665,0.07144099799236492
1974,0.08084875424990112,0.14643146586596764,0.06558271161606652
2306,0.0808296671456082,0.3692190561430574,0.2883893889974492
1561,0.08066338976913873,0.12641915981570506,0.045755770046566335
2237,0.08066010951718378,0.15447948376004597,0.0738193742428622
318,0.0804762642288685,0.1378620442453253,0.057385780016456805
246,0.08047051720390931,0.12606426657841846,0.04559374937450915
1,0.08012667709870101,0.1953401988577094,0.11521352175900838
1679,0.0798821709785761,0.20443919369332247,0.12455702271474638
1629,0.07984269367985525,0.16426091387229075,0.0844182201924355
3094,0.07982881928354278,0.17638353663690073,0.09655471735335795
1747,0.07956307071959055,0.17155031982675972,0.09198724910716917
2696,0.07949991226734864,0.1533828505169531,0.07388293824960447
1643,0.07942723847358509,0.15603719248345238,0.0766099540098673
2040,0.07929446709696392,0.2039368608801233,0.12464239378315939
2953,0.07922557283568377,0.147685325572433,0.06845975273674923
2091,0.0792184627832754,0.19153317154999686,0.11231470876672145
291,0.07919803816942395,0.1737278764025611,0.09452983823313715
1833,0.07914946774412487,0.24949527432305466,0.17034580657892978
2356,0.07914691973824241,0.1537079116079405,0.0745609918696981
2378,0.07906419202677126,0.15387230467993068,0.07480811265315943
1825,0.07868162935476451,0.12447914204274271,0.0457975126879782
2655,0.07867376614061412,0.17465242403569642,0.0959786578950823
1802,0.07864480439744707,0.17151625948515903,0.09287145508771195
2470,0.07862520752664418,0.24252130001503985,0.16389609248839568
2051,0.07862278427678913,0.14528173752304133,0.06665895324625219
1595,0.0785346132717351,0.13723264163810178,0.058698028366366686
20,0.07851127521746246,0.155303972681782,0.07679269746431955
1691,0.07832664773337102,0.1615595992817066,0.08323295154833558
2602,0.07831772870629099,0.1391485783515936,0.06083084964530262
2518,0.07831772870629099,0.1391485783515936,0.06083084964530262
1812,0.07828070282029882,0.19185930690641834,0.11357860408611951
1993,0.07825853472954293,0.1161427725322229,0.037884237802679965
2433,0.0781917955805754,0.15098308336264266,0.07279128778206725
2523,0.0781603172876201,0.19364050153740572,0.11548018424978562
66,0.07797931122178162,0.11337084142218215,0.035391530200400534
314,0.07793967094857275,0.13485046578610133,0.056910794837528575
2405,0.0779021624530518,0.13020195374450244,0.05229979129145064
2736,0.07756811764890541,0.16593008488434255,0.08836196723543714
2395,0.07756752605698541,0.12548250984010365,0.04791498378311823
2277,0.07755170232367682,0.1791418578921337,0.10159015556845687
324,0.07752751635526364,0.15590839890969865,0.07838088255443501
2274,0.07736558731674756,0.14589764865757548,0.06853206134082793
319,0.0773518731310272,0.1556481301859949,0.0782962570549677
2621,0.07726274037279095,0.141132700807876,0.06386996043508504
2280,0.07720059971965701,0.2184407720242293,0.14124017230457228
1544,0.07714769433835639,0.15965189547243092,0.08250420113407453
1792,0.07710688780970473,0.12294237895809319,0.04583549114838846
2322,0.07703967984943644,0.18457130018564177,0.10753162033620534
2513,0.07699634181268143,0.16025753107350102,0.08326118926081959
19,0.07699468141794899,0.13276146515391246,0.05576678373596347
1750,0.07691293851812957,0.12004282863732757,0.043129890119198
81,0.07687891431069616,0.20243341315122354,0.12555449884052738
1579,0.07674643847249936,0.2594514697343977,0.18270503126189835
2147,0.07664296533645377,0.11384597740252186,0.03720301206606809
3008,0.07656694774242898,0.1770991340712211,0.10053218632879213
1454,0.07646966922400358,0.15440170267468306,0.07793203345067948
2110,0.07638847819666676,0.11095473498915705,0.034566256792490285
1930,0.07626294809276211,0.12225040504724431,0.0459874569544822
14,0.07626223503818984,0.12437228518805098,0.04811005014986114
2200,0.07625174740642177,0.14368613226388244,0.06743438485746067
1659,0.07623472611906805,0.13999458790614827,0.06375986178708022
1916,0.07621610141381599,0.1831652279139943,0.10694912650017832
2348,0.07615150981711655,0.15772623241689895,0.0815747225997824
2991,0.07609327735178469,0.1572621070050905,0.08116882965330581
1712,0.07590023454455663,0.14881630672918308,0.07291607218462645
2210,0.07589755867105764,0.16665588557356917,0.09075832690251152
2432,0.07582085562158201,0.19262300225360254,0.11680214663202053
2424,0.07578644929794844,0.13757417035351008,0.06178772105556164
1745,0.0756081009265484,0.4274286681905643,0.3518205672640159
2146,0.0755739072656415,0.12830085498769364,0.05272694772205214
490,0.07549096874234881,0.18893533666919565,0.11344436792684684
2063,0.07543107639911173,0.139757160143152,0.06432608374404028
2497,0.07517362944924505,0.14863901910571037,0.07346538965646532
2519,0.07516014874568325,0.15066167895446794,0.0755015302087847
300,0.07515830674158416,0.1150488770655306,0.03989057032394644
436,0.0751424504982157,0.1822868257207966,0.1071443752225809
2457,0.07502384463348627,0.1162233575766297,0.04119951294314343
1649,0.07494962793609411,0.14644146862892893,0.07149184069283482
6,0.07494962793609411,0.14644146862892893,0.07149184069283482
467,0.07492853069847798,0.1846542354245624,0.10972570472608444
2796,0.07491494616773293,0.1315801183161901,0.05666517214845716
2255,0.07485660022573189,0.17319840205717987,0.09834180183144799
1832,0.07470568326400032,0.14294560046764498,0.06823991720364467
1739,0.07468915026122647,0.14097813592925446,0.06628898566802799
1796,0.07456525606889247,0.1565077629176688,0.08194250684877633
2490,0.07453951193444334,0.13409562124167046,0.059556109307227115
2520,0.07453736938198692,0.22297210882910362,0.14843473944711671
44,0.07438436029105383,0.14757156979216798,0.07318720950111415
2801,0.07435499678740766,0.11728714563834476,0.0429321488509371
2016,0.07435432821704198,0.11798475109943031,0.04363042288238833
1874,0.07421930381080728,0.11766629320184441,0.043446989391037125
1714,0.07420650558624735,0.12721295474987543,0.05300644916362808
2362,0.07415463561219673,0.21427470970310572,0.14012007409090899
2383,0.07390118018194419,0.15091313720675725,0.07701195702481306
2300,0.07383696210883207,0.11696958804125457,0.043132625932422494
1673,0.07383574500477702,0.12067694440289571,0.04684119939811869
2575,0.07376547515914812,0.1301976888514743,0.05643221369232619
2075,0.07376388808455651,0.1480884490087373,0.07432456092418079
2442,0.07365371035366329,0.14081766101810395,0.06716395066444066
1383,0.07327538381500986,0.21319725270265466,0.1399218688876448
1830,0.07325471952088722,0.13498852062897226,0.061733801108085046
2350,0.07304685862719185,0.2154063311106329,0.14235947248344105
1980,0.07296740079426316,0.13127256206443882,0.05830516127017567
2084,0.07281836645605144,0.14491463280079103,0.07209626634473959
406,0.07265932939302133,0.15848319268100322,0.08582386328798189
2556,0.07261787124783614,0.1629580820721463,0.09034021082431015
2264,0.07245488590677732,0.12067969172441739,0.048224805817640076
2267,0.07226027507262309,0.37507257972888414,0.3028123046562611
2213,0.07212863198468325,0.1621808560334591,0.09005222404877586
397,0.07212863198468325,0.1621808560334591,0.09005222404877586
2220,0.07198325259162794,0.15509752439603286,0.08311427180440492
2501,0.07192426304023548,0.13279164155031167,0.06086737851007619
499,0.07175878101899996,0.1122677995338144,0.040509018514814435
2339,0.07169883168133598,0.17282034054708098,0.101121508865745
1630,0.07169320443805449,0.19550712008593626,0.12381391564788177
1884,0.07130844284028741,0.27585543822514574,0.20454699538485832
2579,0.07125737092981671,0.1303356593299407,0.059078288400123996
2789,0.07123390768244935,0.13287107378664048,0.061637166104191135
401,0.07123243903700073,0.13985689564016454,0.06862445660316381
2697,0.07122173781434298,0.1285794822694888,0.05735774445514581
1972,0.07117057996279333,0.14695504928007289,0.07578446931727956
1899,0.07099071432871751,0.153012221759487,0.0820215074307695
1611,0.07096096655082369,0.12824201798858323,0.057281051437759536
2431,0.07093199800214811,0.1417354925628794,0.07080349456073129
1392,0.070797589344901,0.10998822949133315,0.03919064014643214
1965,0.0705923452760599,0.11454434092716596,0.043951995651106066
1886,0.07049724395950492,0.13845939924641773,0.06796215528691281
203,0.07026464639388241,0.12179219103502928,0.051527544641146866
399,0.07023357304733671,0.1478532726240436,0.07761969957670689
1821,0.07018006728989824,0.19397497729336974,0.1237949100034715
2413,0.07010412532869247,0.14304827677475054,0.07294415144605808
2061,0.07010174002336172,0.1349427315296058,0.06484099150624409
1566,0.06987838906288135,0.14539951653193772,0.07552112746905637
2406,0.06971809744601072,0.16718940063963542,0.0974713031936247
1897,0.06928485401498312,0.15024622195342863,0.08096136793844551
2335,0.06921451790492805,0.1440677879560299,0.07485327005110184
2215,0.06918034009087554,0.20416879017061063,0.1349884500797351
2875,0.06908412879677242,0.11819366728575728,0.04910953848898486
2343,0.06875453653199413,0.14898819191799034,0.08023365538599621
2500,0.06864095418199345,0.12446656465610272,0.055825610474109263
2919,0.068556843643654,0.13078051723918163,0.062223673595527634
2337,0.06821754601505665,0.13716594448851874,0.06894839847346208
1835,0.0680796919414369,0.14347465003294976,0.07539495809151286
2106,0.06787189864390006,0.11707487685437593,0.04920297821047587
1962,0.06779309834951154,0.11182146479720168,0.044028366447690134
2920,0.06742193497958211,0.1171641250089251,0.04974219002934299
2735,0.06737829363302483,0.1566053342409935,0.08922704060796866
1963,0.06720673496830476,0.10641652887680197,0.039209793908497215
2895,0.06682165093384754,0.12741502256899523,0.06059337163514769
2776,0.0667236316878449,0.13489678785670242,0.06817315616885752
2496,0.06662643124586685,0.13259622537539367,0.06596979412952682
3082,0.066625186329369,0.11039354918601064,0.04376836285664165
241,0.06628906485556439,0.13503594489942383,0.06874688004385944
1773,0.06617994936221175,0.10885303547712367,0.042673086114911926
402,0.06612376297437193,0.12201058234396905,0.05588681936959712
1923,0.06612376297437193,0.12201058234396905,0.05588681936959712
403,0.06577951848045703,0.19429392734998904,0.12851440886953203
388,0.06536431793425977,0.16589654769815773,0.10053222976389796
2390,0.06469854810138767,0.11271347384281159,0.04801492574142392
2036,0.06459577515323978,0.35197510961810413,0.28737933446486436
1921,0.06458474507482674,0.105619171109136,0.04103442603430926
466,0.06416729122572071,0.13079318630999764,0.06662589508427694
474,0.06402795174686372,0.14842740591073303,0.0843994541638693
1641,0.0640152869320335,0.1296844255934548,0.06566913866142131
2045,0.0638367457502858,0.11784279154205833,0.054006045791772525
2769,0.06364822847516727,0.110330884659569,0.04668265618440173
1688,0.06355056573668892,0.12651163217564307,0.06296106643895415
1885,0.06327015649345252,0.0904982895701661,0.02722813307671358
1599,0.06308113277134224,0.1198602839894063,0.05677915121806407
2877,0.06301522413242762,0.13380330039175928,0.07078807625933166
2477,0.06288754065975857,0.14885089507810778,0.08596335441834921
465,0.06277374098534964,0.10555624703719352,0.042782506051843874
1876,0.06276741589420291,0.1301996973965705,0.06743228150236759
1933,0.0627195532788271,0.13863108250027145,0.07591152922144435
2699,0.06234004209083029,0.12713697905484503,0.06479693696401473
1964,0.062340027789880285,0.11070772874431228,0.048367700954432
2610,0.062042728257328573,0.1256818503007385,0.06363912204340993
1601,0.06204210703808264,0.11619519902972622,0.05415309199164358
1928,0.061964064912003014,0.12864428759293176,0.06668022268092874
3001,0.061956643268418314,0.118386567488236,0.05642992421981769
2358,0.06188674158566117,0.1259285408529281,0.06404179926726693
2978,0.06187274125936624,0.09906404806410457,0.03719130680473833
1878,0.061830172899198795,0.23375897525306946,0.17192880235387067
2386,0.06153474517525898,0.11006416246641205,0.04852941729115307
2194,0.061447590813600184,0.1371410880663656,0.07569349725276542
2782,0.06136510103186806,0.12270805739507698,0.06134295636320892
2127,0.06124487190508616,0.11341456430457689,0.05216969239949073
320,0.06119200997636643,0.10617667105474159,0.044984661078375156
2532,0.061028145620047616,0.11459137805421961,0.05356323243417199
2415,0.06093405671165751,0.1439494226383999,0.0830153659267424
1881,0.0608241878467712,0.09475562603734183,0.03393143819057064
1766,0.06071927987203287,0.13364317151348074,0.07292389164144786
2648,0.06033550460209988,0.13485014898702022,0.07451464438492034
1721,0.06012959311630736,0.14281870581580614,0.08268911269949877
186,0.05986729106215215,0.17153136584127027,0.11166407477911812
2576,0.059793715497529015,0.15828126863142267,0.09848755313389365
2171,0.05973896059149877,0.1715457170871603,0.11180675649566152
2417,0.059709754269761925,0.15787167569165994,0.09816192142189802
1853,0.0596499871325668,0.1445096604459156,0.08485967331334879
345,0.05954466100062403,0.1455757206702863,0.08603105966966226
2318,0.0595316423999535,0.11107003875508936,0.051538396355135865
1776,0.059510522393183565,0.1363671385687982,0.07685661617561464
1799,0.05938724566627686,0.149682082610091,0.09029483694381414
2276,0.059306157637772396,0.10374606402033708,0.04443990638256468
2372,0.05929914488885195,0.19215792120083017,0.13285877631197823
2619,0.05926502906350117,0.1016088670793615,0.04234383801586032
1652,0.059263632965308545,0.10744555408627368,0.048181921120965136
2236,0.058909422098693195,0.09648989858670363,0.03758047648801044
2058,0.05878954910733158,0.13118974140949466,0.07240019230216307
2584,0.058693878934068716,0.1524407921265666,0.0937469131924979
2927,0.05860366571397113,0.1064185820157142,0.047814916301743074
1910,0.05849196793353996,0.14526505936600834,0.08677309143246838
1684,0.05834432178329572,0.11499539251978795,0.05665107073649223
2402,0.05816182510630147,0.137888860825731,0.07972703571942955
2884,0.05793604870911029,0.09475046727855219,0.0368144185694419
2560,0.057889448748397666,0.10319354964859175,0.04530410090019408
272,0.05781323065304026,0.10878745255131951,0.05097422189827925
2325,0.05760767418947318,0.20635554572261916,0.14874787153314598
1861,0.05753472195642415,0.17063752424621076,0.11310280228978661
2154,0.05721801170995782,0.14154670776062186,0.08432869605066404
2913,0.05721801170995782,0.14154670776062186,0.08432869605066404
2123,0.05721801170995782,0.14154670776062186,0.08432869605066404
2336,0.05700017723019835,0.11847063641987822,0.06147045918967987
2050,0.0569960738486651,0.10141705029715373,0.04442097644848863
2635,0.056730899136676324,0.11895470919978043,0.06222381006310411
2559,0.05669348337420583,0.10010462509947521,0.04341114172526938
1849,0.05650873463613859,0.13706483619395476,0.08055610155781617
3018,0.05637951602447691,0.14155000843803017,0.08517049241355326
1407,0.05631613802039981,0.13155082451232347,0.07523468649192366
1697,0.05629056505172588,0.14258079989192576,0.08629023484019988
2041,0.05622228562249994,0.12354081103968964,0.0673185254171897
1931,0.05601153693077371,0.11131006994602775,0.055298533015254045
2184,0.055951648443034754,0.10726182000494389,0.05131017156190913
2010,0.05588567364644069,0.12498407995554756,0.06909840630910687
1903,0.055572525699768824,0.11884621813530066,0.06327369243553184
1586,0.0555645731474662,0.14430174603740323,0.08873717288993703
16,0.055540969665363274,0.13739801798454582,0.08185704831918254
2817,0.05542851629447082,0.10681155221007921,0.05138303591560839
2096,0.05534743034941872,0.11126515677852548,0.055917726429106765
2783,0.055309164071930615,0.13275797981014958,0.07744881573821896
2712,0.05520552658043639,0.12010320909749075,0.06489768251705436
2046,0.055152612769091156,0.10263773021765227,0.04748511744856111
2662,0.05515022937742985,0.09455825299231223,0.039408023614882375
2364,0.055080346042500936,0.10026652544296398,0.045186179400463045
2349,0.05494292923297677,0.11569477513576179,0.06075184590278502
2307,0.05492017170630678,0.11425650171003224,0.05933633000372546
220,0.054831514711640425,0.10987614763189242,0.055044632920251996
2926,0.05476156293065803,0.08788972321398915,0.03312816028333112
396,0.0545275051699043,0.17581729612067815,0.12128979095077384
3085,0.05420609472289332,0.10620085369454962,0.051994758971656306
147,0.05410096749047419,0.11976316261668445,0.06566219512621026
3058,0.05389549506806814,0.0977476621135694,0.04385216704550126
1753,0.05378580223558724,0.10005000639063767,0.046264204155050434
1845,0.05374338183632822,0.2404382336618124,0.18669485182548418
2116,0.05373250919643442,0.14837641909697682,0.0946439099005424
1838,0.053509717044349404,0.087952400792847,0.03444268374849759
2492,0.05316175500804631,0.13763940592008567,0.08447765091203935
1711,0.053052238999103656,0.09361539365236086,0.04056315465325721
1961,0.05290069046161021,0.12296021012091625,0.07005951965930604
260,0.05275312693011249,0.10508569730473283,0.05233257037462034
2652,0.05268162818743435,0.11871722630207283,0.0660355981146385
1412,0.052374991851526435,0.19876688268080756,0.1463918908292811
344,0.052326284465434324,0.12050683226913034,0.068180547803696
86,0.05230665461867799,0.09169127591103139,0.0393846212923534
2384,0.052172398622109366,0.1127797783357765,0.060607379713667135
2140,0.052148510542870334,0.09889360937189744,0.0467450988290271
2614,0.05191015718904014,0.1655571590104996,0.11364700182145947
2403,0.051693394292816976,0.15534771672362507,0.1036543224308081
2397,0.05147378841488755,0.13350145027352683,0.08202766185863929
1975,0.05145234872707111,0.1389853537808648,0.08753300505379369
1722,0.05140906339233205,0.11838099021191703,0.06697192681958498
1605,0.05124833278856661,0.24317993778226746,0.19193160499370085
2755,0.051223516141991866,0.13681482009201976,0.0855913039500279
1738,0.05121750071559491,0.13296549570032465,0.08174799498472973
1694,0.05098455475066982,0.1403013750715017,0.08931682032083188
1969,0.05092793004889612,0.23456288865807176,0.18363495860917564
2074,0.050650318639262795,0.08586484627616091,0.03521452763689811
275,0.05046789985786485,0.1515047599965172,0.10103686013865235
2396,0.050431136516981986,0.10454026824510468,0.05410913172812269
2441,0.049938411001449044,0.11866680237736123,0.06872839137591219
496,0.04991583695137722,0.09130546865864424,0.04138963170726702
2042,0.04983195974699412,0.09795411460911341,0.048122154862119286
2479,0.049641617858531994,0.09776888243796707,0.04812726457943507
2387,0.04963182350909485,0.11256437285668502,0.06293254934759018
2092,0.04960241906136397,0.11034561465150927,0.0607431955901453
2514,0.04958176608481992,0.0884329610747509,0.03885119498993098
2153,0.04953980303755657,0.09039059370205806,0.040850790664501486
2537,0.04952422137063967,0.08842877965548304,0.03890455828484337
2342,0.04941577307134088,0.09592497189146088,0.046509198820119994
3010,0.04933043688644449,0.09062366177126502,0.041293224884820526
2714,0.049274004595242206,0.1301276344252039,0.08085362982996169
2885,0.0492032609277771,0.10880944896950742,0.059606188041730325
3102,0.0490058280920239,0.10465978059377624,0.05565395250175235
2657,0.048884752527988067,0.11776654473872292,0.06888179221073484
2596,0.04846854258186129,0.07526321045935462,0.02679466787749333
2001,0.04821232401741303,0.0884052159007255,0.04019289188331247
2992,0.04821232401741303,0.0884052159007255,0.04019289188331247
1626,0.04805885506628862,0.10370204704056896,0.05564319197428034
2571,0.0480313566777701,0.10251784252638939,0.05448648584861929
2167,0.04789264173553091,0.13848424219228972,0.09059160045675882
1995,0.0478488906884898,0.16521737806608874,0.11736848737759895
2682,0.0476149292498253,0.08350418941964366,0.03588926016981836
1815,0.04755379949398363,0.2553693018643638,0.20781550237038016
2279,0.047509884659221714,0.17454978967963589,0.12703990502041418
2369,0.04695304484012773,0.11289304414150325,0.06593999930137552
2161,0.04687286478979117,0.08658220446269331,0.03970933967290214
2812,0.04660815340226436,0.0898813452819184,0.04327319187965405
2202,0.04650234895839714,0.09696157738769516,0.05045922842929802
194,0.046192697398479914,0.0776516146006117,0.03145891720213178
1707,0.046042857568202575,0.17546772964106924,0.12942487207286668
404,0.04580483236424543,0.0800791862719307,0.03427435390768527
1784,0.04580483236424543,0.0800791862719307,0.03427435390768527
3096,0.04565093119670544,0.09669280796583592,0.051041876769130475
1736,0.04563981454145049,0.11232650599028267,0.06668669144883219
323,0.04552432479682979,0.12544386383847397,0.07991953904164419
114,0.04516617658692929,0.10475438517497672,0.05958820858804743
2486,0.04514184858983226,0.07724245672277825,0.032100608132946
2268,0.04510802188245869,0.08938434408431421,0.044276322201855525
2345,0.044998353397406966,0.11623715537040481,0.07123880197299784
1941,0.04441996228335075,0.07875776011448914,0.034337797831138384
408,0.04419673744444919,0.14923716342070342,0.10504042597625424
2802,0.04384076162357874,0.11744562006493646,0.07360485844135772
98,0.04332479873660402,0.0996370681271383,0.05631226939053428
478,0.04319688963561126,0.12714392295115717,0.08394703331554591
2565,0.04301301423938466,0.09264409747679389,0.04963108323740923
1989,0.042748297014430225,0.08455279266071594,0.041804495646285716
2085,0.041916521460289645,0.20985403070788372,0.16793750924759407
462,0.041642250371515956,0.14177904254121337,0.10013679216969743
2328,0.041628714928209326,0.07587342623152933,0.034244711303320005
1758,0.041152389430451686,0.06411442480531492,0.02296203537486323
392,0.04081445170872605,0.0895794851435211,0.048765033434795046
1671,0.04067684986579866,0.10860959382341008,0.06793274395761142
2443,0.04043933555332616,0.18049693745014161,0.14005760189681546
49,0.04034131984017776,0.07248221758392487,0.03214089774374711
2034,0.04004980704656611,0.07601610880473615,0.03596630175817004
2653,0.03994258862650893,0.07807498532502122,0.03813239669851229
2135,0.03942732982796681,0.08658683543337758,0.047159505605410774
2298,0.039404627471322874,0.1019269744238764,0.06252234695255351
1651,0.03923693633235597,0.10537221576922738,0.06613527943687142
69,0.03914970130939963,0.15026812703964074,0.11111842573024111
2434,0.03832171408872561,0.10791500738971585,0.06959329330099023
2359,0.03778437819300671,0.1344993418158147,0.09671496362280799
1689,0.03770553000770076,0.07200894543451047,0.034303415426809716
2206,0.037579846004625606,0.22769314250922063,0.19011329650459502
317,0.03714047700009445,0.12562739946044196,0.0884869224603475
2097,0.037029030725198746,0.115194319652013,0.07816528892681426
2,0.03665671927002694,0.14973267279962274,0.11307595352959579
2761,0.03662809218822347,0.08865948972331102,0.052031397535087544
1002,0.03639316641946973,0.09149635464876826,0.055103188229298536
2883,0.035955026357799895,0.07405910888461716,0.03810408252681726
1772,0.035422507410576204,0.062332758741844366,0.026910251331268162
1567,0.03536212871858104,0.09768833416710399,0.062326205448522944
2304,0.034006237146796334,0.056639332264041456,0.022633095117245122
2593,0.03399044659487177,0.06862143239717054,0.03463098580229877
1606,0.03281127348647814,0.05621317052840231,0.02340189704192417
1990,0.03211920670009693,0.11025882260502293,0.07813961590492599
2640,0.03202249245023971,0.1501696423123865,0.11814714986214678
1789,0.03164879413698356,0.09392993552464222,0.06228114138765867
255,0.03160273277138874,0.07548790731917517,0.043885174547786426
2494,0.030973335714631588,0.0928357181719489,0.06186238245731731
1700,0.030499654237920833,0.07311309484066082,0.042613440602739985
1723,0.029721295355258307,0.06386238738812627,0.03414109203286797
191,0.02965453155465532,0.0861181642946351,0.056463632739979785
1756,0.029309387276198515,0.07768081739923656,0.048371430123038045
64,0.029180031108971452,0.0518626952980835,0.02268266418911205
410,0.02762488893679551,0.10147267702991748,0.07384778809312198
1904,0.027016616562206806,0.05675098356421637,0.029734367002009567
364,0.0269588654549971,0.07681266453755771,0.04985379908256061
1608,0.026178835035920042,0.07365649526683919,0.04747766023091915
1967,0.026114457456291092,0.08034868379030102,0.05423422633400993
2426,0.02591501406751505,0.07806056300285226,0.05214554893533721
2724,0.025308503832327623,0.1507264415614352,0.12541793772910756
2053,0.025070242218969023,0.058262839281400795,0.03319259706243177
2039,0.024592706490305042,0.05997176433400316,0.03537905784369812
2481,0.02401551412240925,0.07686039953319941,0.05284488541079016
3024,0.023956249701951378,0.07154896202455392,0.047592712322602544
2741,0.023697748680596344,0.08025825392806622,0.056560505247469875
2522,0.022958867246136234,0.09195373854136694,0.06899487129523071
2928,0.02016703877437431,0.03637753581747771,0.016210497043103404
3028,0.020083843411591317,0.042308336177458834,0.022224492765867517
1834,0.02004157350301339,0.0354485702798582,0.015406996776844806
1603,0.019770923351611104,0.04336804047478196,0.023597117123170856
2893,0.019669400218686184,0.05272082231179495,0.03305142209310877
2624,0.019387754081706326,0.09165037490804323,0.0722626208263369
1977,0.018906996649065096,0.03293823812918531,0.014031241480120214
2446,0.01819164287552853,0.060496160725003516,0.04230451784947499
2257,0.01803716184129653,0.031028925264619166,0.012991763423322637
1988,0.016835002913153898,0.055221173565080904,0.03838617065192701
2563,0.01662891641079027,0.027591259888713113,0.010962343477922843
2083,0.014962144345827275,0.05870991206351205,0.04374776771768478
2150,0.014687655049672607,0.030496273555161872,0.015808618505489265
1829,0.01437592740615469,0.047394221755643964,0.033018294349489274
2439,0.01401842543102212,0.03457410743869678,0.020555682007674658
2128,0.01293128429136108,0.029800564783723865,0.016869280492362783
1461,0.012192418025282642,0.03974002279589112,0.027547604770608476
261,0.011288475793025133,0.03247377080323389,0.021185295010208757
2089,0.011006547526985514,0.03115037617636625,0.020143828649380732
1935,0.010120193062684779,0.042688704548814266,0.032568511486129485
2095,0.00985377731457297,0.024376410437928053,0.014522633123355083
3023,0.009591383257675072,0.07587375591169954,0.06628237265402447
1642,0.009512205159394821,0.07005391111845638,0.06054170595906156
102,0.009182530922279308,0.027267893413347573,0.018085362491068263
1720,0.008255362307558986,0.0217183622002076,0.013462999892648613
1393,0.008009858793267202,0.01548667206518255,0.007476813271915348
1911,0.006893694421612763,0.0372728347027861,0.030379140281173334
2185,0.00659413867979711,0.038466812918183046,0.03187267423838594
2314,0.006351872161239508,0.046935575126890464,0.040583702965650954
11,0.006146204067497578,0.10248762813138158,0.096341424063884
2581,0.005497111467172652,0.03218678474362363,0.026689673276450977
2121,0.005114944760600777,0.021845935757083816,0.01673099099648304
2047,0.004677115346929913,0.056545030175939315,0.051867914829009404
1840,0.004066608332650567,0.07527045839458009,0.07120385006192952
2491,0.00334136516028075,0.01579540200240938,0.012454036842128629
2162,0.0030908132180638183,0.010150334661629696,0.007059521443565878
2313,0.002840829104981044,0.07344517570993139,0.07060434660495035
2175,0.0027194846539510633,0.03924492456204275,0.03652543990809169
502,0.0024872404795704393,0.015498601635208751,0.013011361155638312
2094,0.0021424103957287674,0.024824853038528896,0.02268244264280013
1699,0.002097200712577184,0.10755490224428332,0.10545770153170614
1968,0.0020834068318720082,0.07433195628075656,0.07224854944888455
101,0.001681349104922277,0.019966171805503006,0.018284822700580728
1856,0.0013222240738581686,0.06296828585407935,0.06164606178022118
2319,0.0011846998476101997,0.00499421102584189,0.0038095111782316905
